/*
SQLyog Ultimate v9.20 
MySQL - 5.5.5-10.4.17-MariaDB : Database - db_praktikumprognet
*********************************************************************
*/

/*!40101 SET NAMES utf8 */;

/*!40101 SET SQL_MODE=''*/;

/*!40014 SET @OLD_UNIQUE_CHECKS=@@UNIQUE_CHECKS, UNIQUE_CHECKS=0 */;
/*!40014 SET @OLD_FOREIGN_KEY_CHECKS=@@FOREIGN_KEY_CHECKS, FOREIGN_KEY_CHECKS=0 */;
/*!40101 SET @OLD_SQL_MODE=@@SQL_MODE, SQL_MODE='NO_AUTO_VALUE_ON_ZERO' */;
/*!40111 SET @OLD_SQL_NOTES=@@SQL_NOTES, SQL_NOTES=0 */;
CREATE DATABASE /*!32312 IF NOT EXISTS*/`db_praktikumprognet` /*!40100 DEFAULT CHARACTER SET utf8mb4 */;

USE `db_praktikumprognet`;

/*Table structure for table `admin_notifications` */

DROP TABLE IF EXISTS `admin_notifications`;

CREATE TABLE `admin_notifications` (
  `id` char(36) COLLATE utf8mb4_unicode_ci NOT NULL,
  `type` varchar(255) COLLATE utf8mb4_unicode_ci NOT NULL,
  `notifiable_type` varchar(255) COLLATE utf8mb4_unicode_ci NOT NULL,
  `notifiable_id` bigint(20) unsigned NOT NULL,
  `data` text COLLATE utf8mb4_unicode_ci NOT NULL,
  `read_at` timestamp NULL DEFAULT NULL,
  `created_at` timestamp NULL DEFAULT NULL,
  `updated_at` timestamp NULL DEFAULT NULL,
  PRIMARY KEY (`id`),
  KEY `admin_notifications_notifiable_id_foreign` (`notifiable_id`),
  CONSTRAINT `admin_notifications_notifiable_id_foreign` FOREIGN KEY (`notifiable_id`) REFERENCES `users` (`id`)
) ENGINE=InnoDB DEFAULT CHARSET=utf8mb4 COLLATE=utf8mb4_unicode_ci;

/*Data for the table `admin_notifications` */

LOCK TABLES `admin_notifications` WRITE;

insert  into `admin_notifications`(`id`,`type`,`notifiable_type`,`notifiable_id`,`data`,`read_at`,`created_at`,`updated_at`) values ('42591ee6-1846-49bf-a8c0-50ab2a858fb4','App\\Notifications\\AdminNotification','App\\Models\\admin',1,'\"<a class=\'dropdown-item\' href=\'\\/admin\\/transaksi\\/detail\\/26\'><div class=\'item-content flex-grow\'><h6 class=\'ellipsis font-weight-normal\'>user1<\\/h6><p class=\'font-weight-light small-text text-muted mb-0\'>Bukti Pembayaran Telah Diupload<\\/p><\\/div><\\/a>\"','2021-06-01 01:49:36','2021-06-01 01:49:11','2021-06-01 01:49:36'),('59167b71-794d-49fb-b5af-adafbd81e97e','App\\Notifications\\AdminNotification','App\\Models\\admin',1,'\"<a class=\'dropdown-item\' href=\'\\/admin\\/product\\/\'><div class=\'item-content flex-grow\'><h6 class=\'ellipsis font-weight-normal\'>user1<\\/h6><p class=\'font-weight-light small-text text-muted mb-0\'>Ada Review Baru<\\/p><\\/div><\\/a>\"','2021-06-01 01:58:07','2021-06-01 01:57:56','2021-06-01 01:58:07'),('5e20a7c6-6b71-465e-8dd3-99c227e92782','App\\Notifications\\AdminNotification','App\\Models\\admin',1,'\"<a class=\'dropdown-item\' href=\'\\/admin\\/product\\/\'><div class=\'item-content flex-grow\'><h6 class=\'ellipsis font-weight-normal\'>user1<\\/h6><p class=\'font-weight-light small-text text-muted mb-0\'>Ada Review Baru<\\/p><\\/div><\\/a>\"','2021-06-01 01:57:24','2021-06-01 01:56:37','2021-06-01 01:57:24'),('69ca9e1b-a08b-4fde-a53b-7b68103f2785','App\\Notifications\\AdminNotification','App\\Models\\admin',1,'\"<a class=\'dropdown-item\' href=\'\\/admin\\/product\\/{\\\"slug\\\":\\\"cotton-chinos-skinny-fit\\\"}\'><div class=\'item-content flex-grow\'><h6 class=\'ellipsis font-weight-normal\'>user1<\\/h6><p class=\'font-weight-light small-text text-muted mb-0\'>Ada Review Baru<\\/p><\\/div><\\/a>\"','2021-06-01 01:52:18','2021-06-01 01:52:00','2021-06-01 01:52:18'),('894b0a3d-c2f6-4d0c-b092-775b297544d9','App\\Notifications\\AdminNotification','App\\Models\\admin',1,'\"<a class=\'dropdown-item\' href=\'\\/admin\\/transaksi\\/detail\\/26\'><div class=\'item-content flex-grow\'><h6 class=\'ellipsis font-weight-normal\'>user1<\\/h6><p class=\'font-weight-light small-text text-muted mb-0\'>Ada Transaksi Baru<\\/p><\\/div><\\/a>\"','2021-06-01 01:49:41','2021-06-01 01:48:36','2021-06-01 01:49:41');

UNLOCK TABLES;

/*Table structure for table `admins` */

DROP TABLE IF EXISTS `admins`;

CREATE TABLE `admins` (
  `id` bigint(20) unsigned NOT NULL AUTO_INCREMENT,
  `name` varchar(255) COLLATE utf8mb4_unicode_ci NOT NULL,
  `username` varchar(255) COLLATE utf8mb4_unicode_ci DEFAULT NULL,
  `email` varchar(255) COLLATE utf8mb4_unicode_ci DEFAULT NULL,
  `phone` varchar(255) COLLATE utf8mb4_unicode_ci DEFAULT NULL,
  `profile_image` varchar(255) COLLATE utf8mb4_unicode_ci NOT NULL,
  `email_verified_at` timestamp NULL DEFAULT NULL,
  `password` varchar(255) COLLATE utf8mb4_unicode_ci NOT NULL,
  `remember_token` varchar(100) COLLATE utf8mb4_unicode_ci DEFAULT NULL,
  `created_at` timestamp NULL DEFAULT NULL,
  `updated_at` timestamp NULL DEFAULT NULL,
  PRIMARY KEY (`id`),
  UNIQUE KEY `admins_username_unique` (`username`),
  UNIQUE KEY `admins_email_unique` (`email`),
  UNIQUE KEY `admins_phone_unique` (`phone`)
) ENGINE=InnoDB AUTO_INCREMENT=2 DEFAULT CHARSET=utf8mb4 COLLATE=utf8mb4_unicode_ci;

/*Data for the table `admins` */

LOCK TABLES `admins` WRITE;

insert  into `admins`(`id`,`name`,`username`,`email`,`phone`,`profile_image`,`email_verified_at`,`password`,`remember_token`,`created_at`,`updated_at`) values (1,'admin1','admin1login','admin1@gmail.com','088789876678','fotoadmin',NULL,'$2y$10$PDBby4hClyCDqlF.LBOjKuW8NHiax970P03gSJpDZgvZNYFs8zQse','BxkAOHtM0KuxQG8uyUSb1oWbI5y2ys6plo0Evmmf09bskRg2c4tJ7MgGFTfl','2021-04-24 13:36:01','2021-04-24 13:36:01');

UNLOCK TABLES;

/*Table structure for table `carts` */

DROP TABLE IF EXISTS `carts`;

CREATE TABLE `carts` (
  `id` bigint(20) unsigned NOT NULL AUTO_INCREMENT,
  `user_id` bigint(20) unsigned NOT NULL,
  `product_id` bigint(20) unsigned NOT NULL,
  `qty` int(11) NOT NULL,
  `status` enum('checkedout','notyet','cancelled') COLLATE utf8mb4_unicode_ci NOT NULL,
  `created_at` timestamp NULL DEFAULT NULL,
  `updated_at` timestamp NULL DEFAULT NULL,
  PRIMARY KEY (`id`),
  KEY `carts_user_id_foreign` (`user_id`),
  KEY `carts_product_id_foreign` (`product_id`),
  CONSTRAINT `carts_product_id_foreign` FOREIGN KEY (`product_id`) REFERENCES `products` (`id`),
  CONSTRAINT `carts_user_id_foreign` FOREIGN KEY (`user_id`) REFERENCES `users` (`id`)
) ENGINE=InnoDB AUTO_INCREMENT=12 DEFAULT CHARSET=utf8mb4 COLLATE=utf8mb4_unicode_ci;

/*Data for the table `carts` */

LOCK TABLES `carts` WRITE;

UNLOCK TABLES;

/*Table structure for table `cities` */

DROP TABLE IF EXISTS `cities`;

CREATE TABLE `cities` (
  `id` bigint(20) unsigned NOT NULL AUTO_INCREMENT,
  `province_id` int(10) unsigned NOT NULL,
  `city_id` int(10) unsigned NOT NULL,
  `name` varchar(255) COLLATE utf8mb4_unicode_ci NOT NULL,
  `created_at` timestamp NULL DEFAULT NULL,
  `updated_at` timestamp NULL DEFAULT NULL,
  PRIMARY KEY (`id`)
) ENGINE=InnoDB AUTO_INCREMENT=502 DEFAULT CHARSET=utf8mb4 COLLATE=utf8mb4_unicode_ci;

/*Data for the table `cities` */

LOCK TABLES `cities` WRITE;

insert  into `cities`(`id`,`province_id`,`city_id`,`name`,`created_at`,`updated_at`) values (1,1,17,'Badung','2021-05-27 21:52:31','2021-05-27 21:52:31'),(2,1,32,'Bangli','2021-05-27 21:52:31','2021-05-27 21:52:31'),(3,1,94,'Buleleng','2021-05-27 21:52:31','2021-05-27 21:52:31'),(4,1,114,'Denpasar','2021-05-27 21:52:31','2021-05-27 21:52:31'),(5,1,128,'Gianyar','2021-05-27 21:52:31','2021-05-27 21:52:31'),(6,1,161,'Jembrana','2021-05-27 21:52:31','2021-05-27 21:52:31'),(7,1,170,'Karangasem','2021-05-27 21:52:31','2021-05-27 21:52:31'),(8,1,197,'Klungkung','2021-05-27 21:52:31','2021-05-27 21:52:31'),(9,1,447,'Tabanan','2021-05-27 21:52:31','2021-05-27 21:52:31'),(10,2,27,'Bangka','2021-05-27 21:52:32','2021-05-27 21:52:32'),(11,2,28,'Bangka Barat','2021-05-27 21:52:32','2021-05-27 21:52:32'),(12,2,29,'Bangka Selatan','2021-05-27 21:52:32','2021-05-27 21:52:32'),(13,2,30,'Bangka Tengah','2021-05-27 21:52:32','2021-05-27 21:52:32'),(14,2,56,'Belitung','2021-05-27 21:52:32','2021-05-27 21:52:32'),(15,2,57,'Belitung Timur','2021-05-27 21:52:32','2021-05-27 21:52:32'),(16,2,334,'Pangkal Pinang','2021-05-27 21:52:32','2021-05-27 21:52:32'),(17,3,106,'Cilegon','2021-05-27 21:52:34','2021-05-27 21:52:34'),(18,3,232,'Lebak','2021-05-27 21:52:34','2021-05-27 21:52:34'),(19,3,331,'Pandeglang','2021-05-27 21:52:34','2021-05-27 21:52:34'),(20,3,402,'Serang','2021-05-27 21:52:34','2021-05-27 21:52:34'),(21,3,403,'Serang','2021-05-27 21:52:34','2021-05-27 21:52:34'),(22,3,455,'Tangerang','2021-05-27 21:52:34','2021-05-27 21:52:34'),(23,3,456,'Tangerang','2021-05-27 21:52:34','2021-05-27 21:52:34'),(24,3,457,'Tangerang Selatan','2021-05-27 21:52:34','2021-05-27 21:52:34'),(25,4,62,'Bengkulu','2021-05-27 21:52:35','2021-05-27 21:52:35'),(26,4,63,'Bengkulu Selatan','2021-05-27 21:52:35','2021-05-27 21:52:35'),(27,4,64,'Bengkulu Tengah','2021-05-27 21:52:35','2021-05-27 21:52:35'),(28,4,65,'Bengkulu Utara','2021-05-27 21:52:35','2021-05-27 21:52:35'),(29,4,175,'Kaur','2021-05-27 21:52:35','2021-05-27 21:52:35'),(30,4,183,'Kepahiang','2021-05-27 21:52:35','2021-05-27 21:52:35'),(31,4,233,'Lebong','2021-05-27 21:52:35','2021-05-27 21:52:35'),(32,4,294,'Muko Muko','2021-05-27 21:52:35','2021-05-27 21:52:35'),(33,4,379,'Rejang Lebong','2021-05-27 21:52:35','2021-05-27 21:52:35'),(34,4,397,'Seluma','2021-05-27 21:52:35','2021-05-27 21:52:35'),(35,5,39,'Bantul','2021-05-27 21:52:36','2021-05-27 21:52:36'),(36,5,135,'Gunung Kidul','2021-05-27 21:52:36','2021-05-27 21:52:36'),(37,5,210,'Kulon Progo','2021-05-27 21:52:36','2021-05-27 21:52:36'),(38,5,419,'Sleman','2021-05-27 21:52:36','2021-05-27 21:52:36'),(39,5,501,'Yogyakarta','2021-05-27 21:52:36','2021-05-27 21:52:36'),(40,6,151,'Jakarta Barat','2021-05-27 21:52:38','2021-05-27 21:52:38'),(41,6,152,'Jakarta Pusat','2021-05-27 21:52:38','2021-05-27 21:52:38'),(42,6,153,'Jakarta Selatan','2021-05-27 21:52:38','2021-05-27 21:52:38'),(43,6,154,'Jakarta Timur','2021-05-27 21:52:38','2021-05-27 21:52:38'),(44,6,155,'Jakarta Utara','2021-05-27 21:52:38','2021-05-27 21:52:38'),(45,6,189,'Kepulauan Seribu','2021-05-27 21:52:38','2021-05-27 21:52:38'),(46,7,77,'Boalemo','2021-05-27 21:52:40','2021-05-27 21:52:40'),(47,7,88,'Bone Bolango','2021-05-27 21:52:40','2021-05-27 21:52:40'),(48,7,129,'Gorontalo','2021-05-27 21:52:40','2021-05-27 21:52:40'),(49,7,130,'Gorontalo','2021-05-27 21:52:40','2021-05-27 21:52:40'),(50,7,131,'Gorontalo Utara','2021-05-27 21:52:40','2021-05-27 21:52:40'),(51,7,361,'Pohuwato','2021-05-27 21:52:40','2021-05-27 21:52:40'),(52,8,50,'Batang Hari','2021-05-27 21:52:41','2021-05-27 21:52:41'),(53,8,97,'Bungo','2021-05-27 21:52:41','2021-05-27 21:52:41'),(54,8,156,'Jambi','2021-05-27 21:52:41','2021-05-27 21:52:41'),(55,8,194,'Kerinci','2021-05-27 21:52:41','2021-05-27 21:52:41'),(56,8,280,'Merangin','2021-05-27 21:52:41','2021-05-27 21:52:41'),(57,8,293,'Muaro Jambi','2021-05-27 21:52:41','2021-05-27 21:52:41'),(58,8,393,'Sarolangun','2021-05-27 21:52:41','2021-05-27 21:52:41'),(59,8,442,'Sungaipenuh','2021-05-27 21:52:41','2021-05-27 21:52:41'),(60,8,460,'Tanjung Jabung Barat','2021-05-27 21:52:41','2021-05-27 21:52:41'),(61,8,461,'Tanjung Jabung Timur','2021-05-27 21:52:41','2021-05-27 21:52:41'),(62,8,471,'Tebo','2021-05-27 21:52:41','2021-05-27 21:52:41'),(63,9,22,'Bandung','2021-05-27 21:52:42','2021-05-27 21:52:42'),(64,9,23,'Bandung','2021-05-27 21:52:42','2021-05-27 21:52:42'),(65,9,24,'Bandung Barat','2021-05-27 21:52:42','2021-05-27 21:52:42'),(66,9,34,'Banjar','2021-05-27 21:52:42','2021-05-27 21:52:42'),(67,9,54,'Bekasi','2021-05-27 21:52:42','2021-05-27 21:52:42'),(68,9,55,'Bekasi','2021-05-27 21:52:42','2021-05-27 21:52:42'),(69,9,78,'Bogor','2021-05-27 21:52:42','2021-05-27 21:52:42'),(70,9,79,'Bogor','2021-05-27 21:52:42','2021-05-27 21:52:42'),(71,9,103,'Ciamis','2021-05-27 21:52:42','2021-05-27 21:52:42'),(72,9,104,'Cianjur','2021-05-27 21:52:42','2021-05-27 21:52:42'),(73,9,107,'Cimahi','2021-05-27 21:52:42','2021-05-27 21:52:42'),(74,9,108,'Cirebon','2021-05-27 21:52:42','2021-05-27 21:52:42'),(75,9,109,'Cirebon','2021-05-27 21:52:42','2021-05-27 21:52:42'),(76,9,115,'Depok','2021-05-27 21:52:42','2021-05-27 21:52:42'),(77,9,126,'Garut','2021-05-27 21:52:42','2021-05-27 21:52:42'),(78,9,149,'Indramayu','2021-05-27 21:52:42','2021-05-27 21:52:42'),(79,9,171,'Karawang','2021-05-27 21:52:42','2021-05-27 21:52:42'),(80,9,211,'Kuningan','2021-05-27 21:52:42','2021-05-27 21:52:42'),(81,9,252,'Majalengka','2021-05-27 21:52:42','2021-05-27 21:52:42'),(82,9,332,'Pangandaran','2021-05-27 21:52:42','2021-05-27 21:52:42'),(83,9,376,'Purwakarta','2021-05-27 21:52:42','2021-05-27 21:52:42'),(84,9,428,'Subang','2021-05-27 21:52:42','2021-05-27 21:52:42'),(85,9,430,'Sukabumi','2021-05-27 21:52:42','2021-05-27 21:52:42'),(86,9,431,'Sukabumi','2021-05-27 21:52:42','2021-05-27 21:52:42'),(87,9,440,'Sumedang','2021-05-27 21:52:42','2021-05-27 21:52:42'),(88,9,468,'Tasikmalaya','2021-05-27 21:52:42','2021-05-27 21:52:42'),(89,9,469,'Tasikmalaya','2021-05-27 21:52:42','2021-05-27 21:52:42'),(90,10,37,'Banjarnegara','2021-05-27 21:52:44','2021-05-27 21:52:44'),(91,10,41,'Banyumas','2021-05-27 21:52:44','2021-05-27 21:52:44'),(92,10,49,'Batang','2021-05-27 21:52:44','2021-05-27 21:52:44'),(93,10,76,'Blora','2021-05-27 21:52:44','2021-05-27 21:52:44'),(94,10,91,'Boyolali','2021-05-27 21:52:44','2021-05-27 21:52:44'),(95,10,92,'Brebes','2021-05-27 21:52:44','2021-05-27 21:52:44'),(96,10,105,'Cilacap','2021-05-27 21:52:44','2021-05-27 21:52:44'),(97,10,113,'Demak','2021-05-27 21:52:44','2021-05-27 21:52:44'),(98,10,134,'Grobogan','2021-05-27 21:52:44','2021-05-27 21:52:44'),(99,10,163,'Jepara','2021-05-27 21:52:44','2021-05-27 21:52:44'),(100,10,169,'Karanganyar','2021-05-27 21:52:44','2021-05-27 21:52:44'),(101,10,177,'Kebumen','2021-05-27 21:52:44','2021-05-27 21:52:44'),(102,10,181,'Kendal','2021-05-27 21:52:44','2021-05-27 21:52:44'),(103,10,196,'Klaten','2021-05-27 21:52:44','2021-05-27 21:52:44'),(104,10,209,'Kudus','2021-05-27 21:52:44','2021-05-27 21:52:44'),(105,10,249,'Magelang','2021-05-27 21:52:44','2021-05-27 21:52:44'),(106,10,250,'Magelang','2021-05-27 21:52:44','2021-05-27 21:52:44'),(107,10,344,'Pati','2021-05-27 21:52:44','2021-05-27 21:52:44'),(108,10,348,'Pekalongan','2021-05-27 21:52:44','2021-05-27 21:52:44'),(109,10,349,'Pekalongan','2021-05-27 21:52:44','2021-05-27 21:52:44'),(110,10,352,'Pemalang','2021-05-27 21:52:44','2021-05-27 21:52:44'),(111,10,375,'Purbalingga','2021-05-27 21:52:44','2021-05-27 21:52:44'),(112,10,377,'Purworejo','2021-05-27 21:52:44','2021-05-27 21:52:44'),(113,10,380,'Rembang','2021-05-27 21:52:44','2021-05-27 21:52:44'),(114,10,386,'Salatiga','2021-05-27 21:52:44','2021-05-27 21:52:44'),(115,10,398,'Semarang','2021-05-27 21:52:44','2021-05-27 21:52:44'),(116,10,399,'Semarang','2021-05-27 21:52:44','2021-05-27 21:52:44'),(117,10,427,'Sragen','2021-05-27 21:52:44','2021-05-27 21:52:44'),(118,10,433,'Sukoharjo','2021-05-27 21:52:44','2021-05-27 21:52:44'),(119,10,445,'Surakarta (Solo)','2021-05-27 21:52:44','2021-05-27 21:52:44'),(120,10,472,'Tegal','2021-05-27 21:52:44','2021-05-27 21:52:44'),(121,10,473,'Tegal','2021-05-27 21:52:44','2021-05-27 21:52:44'),(122,10,476,'Temanggung','2021-05-27 21:52:44','2021-05-27 21:52:44'),(123,10,497,'Wonogiri','2021-05-27 21:52:44','2021-05-27 21:52:44'),(124,10,498,'Wonosobo','2021-05-27 21:52:44','2021-05-27 21:52:44'),(125,11,31,'Bangkalan','2021-05-27 21:52:46','2021-05-27 21:52:46'),(126,11,42,'Banyuwangi','2021-05-27 21:52:46','2021-05-27 21:52:46'),(127,11,51,'Batu','2021-05-27 21:52:46','2021-05-27 21:52:46'),(128,11,74,'Blitar','2021-05-27 21:52:46','2021-05-27 21:52:46'),(129,11,75,'Blitar','2021-05-27 21:52:46','2021-05-27 21:52:46'),(130,11,80,'Bojonegoro','2021-05-27 21:52:46','2021-05-27 21:52:46'),(131,11,86,'Bondowoso','2021-05-27 21:52:46','2021-05-27 21:52:46'),(132,11,133,'Gresik','2021-05-27 21:52:46','2021-05-27 21:52:46'),(133,11,160,'Jember','2021-05-27 21:52:46','2021-05-27 21:52:46'),(134,11,164,'Jombang','2021-05-27 21:52:46','2021-05-27 21:52:46'),(135,11,178,'Kediri','2021-05-27 21:52:46','2021-05-27 21:52:46'),(136,11,179,'Kediri','2021-05-27 21:52:46','2021-05-27 21:52:46'),(137,11,222,'Lamongan','2021-05-27 21:52:46','2021-05-27 21:52:46'),(138,11,243,'Lumajang','2021-05-27 21:52:46','2021-05-27 21:52:46'),(139,11,247,'Madiun','2021-05-27 21:52:46','2021-05-27 21:52:46'),(140,11,248,'Madiun','2021-05-27 21:52:46','2021-05-27 21:52:46'),(141,11,251,'Magetan','2021-05-27 21:52:46','2021-05-27 21:52:46'),(142,11,255,'Malang','2021-05-27 21:52:46','2021-05-27 21:52:46'),(143,11,256,'Malang','2021-05-27 21:52:46','2021-05-27 21:52:46'),(144,11,289,'Mojokerto','2021-05-27 21:52:46','2021-05-27 21:52:46'),(145,11,290,'Mojokerto','2021-05-27 21:52:46','2021-05-27 21:52:46'),(146,11,305,'Nganjuk','2021-05-27 21:52:46','2021-05-27 21:52:46'),(147,11,306,'Ngawi','2021-05-27 21:52:46','2021-05-27 21:52:46'),(148,11,317,'Pacitan','2021-05-27 21:52:46','2021-05-27 21:52:46'),(149,11,330,'Pamekasan','2021-05-27 21:52:46','2021-05-27 21:52:46'),(150,11,342,'Pasuruan','2021-05-27 21:52:46','2021-05-27 21:52:46'),(151,11,343,'Pasuruan','2021-05-27 21:52:46','2021-05-27 21:52:46'),(152,11,363,'Ponorogo','2021-05-27 21:52:46','2021-05-27 21:52:46'),(153,11,369,'Probolinggo','2021-05-27 21:52:46','2021-05-27 21:52:46'),(154,11,370,'Probolinggo','2021-05-27 21:52:46','2021-05-27 21:52:46'),(155,11,390,'Sampang','2021-05-27 21:52:46','2021-05-27 21:52:46'),(156,11,409,'Sidoarjo','2021-05-27 21:52:46','2021-05-27 21:52:46'),(157,11,418,'Situbondo','2021-05-27 21:52:46','2021-05-27 21:52:46'),(158,11,441,'Sumenep','2021-05-27 21:52:46','2021-05-27 21:52:46'),(159,11,444,'Surabaya','2021-05-27 21:52:46','2021-05-27 21:52:46'),(160,11,487,'Trenggalek','2021-05-27 21:52:46','2021-05-27 21:52:46'),(161,11,489,'Tuban','2021-05-27 21:52:46','2021-05-27 21:52:46'),(162,11,492,'Tulungagung','2021-05-27 21:52:46','2021-05-27 21:52:46'),(163,12,61,'Bengkayang','2021-05-27 21:52:47','2021-05-27 21:52:47'),(164,12,168,'Kapuas Hulu','2021-05-27 21:52:47','2021-05-27 21:52:47'),(165,12,176,'Kayong Utara','2021-05-27 21:52:47','2021-05-27 21:52:47'),(166,12,195,'Ketapang','2021-05-27 21:52:47','2021-05-27 21:52:47'),(167,12,208,'Kubu Raya','2021-05-27 21:52:47','2021-05-27 21:52:47'),(168,12,228,'Landak','2021-05-27 21:52:47','2021-05-27 21:52:47'),(169,12,279,'Melawi','2021-05-27 21:52:47','2021-05-27 21:52:47'),(170,12,364,'Pontianak','2021-05-27 21:52:47','2021-05-27 21:52:47'),(171,12,365,'Pontianak','2021-05-27 21:52:47','2021-05-27 21:52:47'),(172,12,388,'Sambas','2021-05-27 21:52:47','2021-05-27 21:52:47'),(173,12,391,'Sanggau','2021-05-27 21:52:47','2021-05-27 21:52:47'),(174,12,395,'Sekadau','2021-05-27 21:52:47','2021-05-27 21:52:47'),(175,12,415,'Singkawang','2021-05-27 21:52:47','2021-05-27 21:52:47'),(176,12,417,'Sintang','2021-05-27 21:52:47','2021-05-27 21:52:47'),(177,13,18,'Balangan','2021-05-27 21:52:49','2021-05-27 21:52:49'),(178,13,33,'Banjar','2021-05-27 21:52:49','2021-05-27 21:52:49'),(179,13,35,'Banjarbaru','2021-05-27 21:52:49','2021-05-27 21:52:49'),(180,13,36,'Banjarmasin','2021-05-27 21:52:49','2021-05-27 21:52:49'),(181,13,43,'Barito Kuala','2021-05-27 21:52:49','2021-05-27 21:52:49'),(182,13,143,'Hulu Sungai Selatan','2021-05-27 21:52:49','2021-05-27 21:52:49'),(183,13,144,'Hulu Sungai Tengah','2021-05-27 21:52:49','2021-05-27 21:52:49'),(184,13,145,'Hulu Sungai Utara','2021-05-27 21:52:49','2021-05-27 21:52:49'),(185,13,203,'Kotabaru','2021-05-27 21:52:49','2021-05-27 21:52:49'),(186,13,446,'Tabalong','2021-05-27 21:52:49','2021-05-27 21:52:49'),(187,13,452,'Tanah Bumbu','2021-05-27 21:52:49','2021-05-27 21:52:49'),(188,13,454,'Tanah Laut','2021-05-27 21:52:49','2021-05-27 21:52:49'),(189,13,466,'Tapin','2021-05-27 21:52:49','2021-05-27 21:52:49'),(190,14,44,'Barito Selatan','2021-05-27 21:52:50','2021-05-27 21:52:50'),(191,14,45,'Barito Timur','2021-05-27 21:52:50','2021-05-27 21:52:50'),(192,14,46,'Barito Utara','2021-05-27 21:52:50','2021-05-27 21:52:50'),(193,14,136,'Gunung Mas','2021-05-27 21:52:50','2021-05-27 21:52:50'),(194,14,167,'Kapuas','2021-05-27 21:52:50','2021-05-27 21:52:50'),(195,14,174,'Katingan','2021-05-27 21:52:50','2021-05-27 21:52:50'),(196,14,205,'Kotawaringin Barat','2021-05-27 21:52:50','2021-05-27 21:52:50'),(197,14,206,'Kotawaringin Timur','2021-05-27 21:52:50','2021-05-27 21:52:50'),(198,14,221,'Lamandau','2021-05-27 21:52:50','2021-05-27 21:52:50'),(199,14,296,'Murung Raya','2021-05-27 21:52:50','2021-05-27 21:52:50'),(200,14,326,'Palangka Raya','2021-05-27 21:52:50','2021-05-27 21:52:50'),(201,14,371,'Pulang Pisau','2021-05-27 21:52:50','2021-05-27 21:52:50'),(202,14,405,'Seruyan','2021-05-27 21:52:50','2021-05-27 21:52:50'),(203,14,432,'Sukamara','2021-05-27 21:52:50','2021-05-27 21:52:50'),(204,15,19,'Balikpapan','2021-05-27 21:52:52','2021-05-27 21:52:52'),(205,15,66,'Berau','2021-05-27 21:52:52','2021-05-27 21:52:52'),(206,15,89,'Bontang','2021-05-27 21:52:52','2021-05-27 21:52:52'),(207,15,214,'Kutai Barat','2021-05-27 21:52:52','2021-05-27 21:52:52'),(208,15,215,'Kutai Kartanegara','2021-05-27 21:52:52','2021-05-27 21:52:52'),(209,15,216,'Kutai Timur','2021-05-27 21:52:52','2021-05-27 21:52:52'),(210,15,341,'Paser','2021-05-27 21:52:52','2021-05-27 21:52:52'),(211,15,354,'Penajam Paser Utara','2021-05-27 21:52:52','2021-05-27 21:52:52'),(212,15,387,'Samarinda','2021-05-27 21:52:52','2021-05-27 21:52:52'),(213,16,96,'Bulungan (Bulongan)','2021-05-27 21:52:54','2021-05-27 21:52:54'),(214,16,257,'Malinau','2021-05-27 21:52:54','2021-05-27 21:52:54'),(215,16,311,'Nunukan','2021-05-27 21:52:54','2021-05-27 21:52:54'),(216,16,450,'Tana Tidung','2021-05-27 21:52:54','2021-05-27 21:52:54'),(217,16,467,'Tarakan','2021-05-27 21:52:54','2021-05-27 21:52:54'),(218,17,48,'Batam','2021-05-27 21:52:56','2021-05-27 21:52:56'),(219,17,71,'Bintan','2021-05-27 21:52:56','2021-05-27 21:52:56'),(220,17,172,'Karimun','2021-05-27 21:52:56','2021-05-27 21:52:56'),(221,17,184,'Kepulauan Anambas','2021-05-27 21:52:56','2021-05-27 21:52:56'),(222,17,237,'Lingga','2021-05-27 21:52:56','2021-05-27 21:52:56'),(223,17,302,'Natuna','2021-05-27 21:52:56','2021-05-27 21:52:56'),(224,17,462,'Tanjung Pinang','2021-05-27 21:52:56','2021-05-27 21:52:56'),(225,18,21,'Bandar Lampung','2021-05-27 21:52:57','2021-05-27 21:52:57'),(226,18,223,'Lampung Barat','2021-05-27 21:52:57','2021-05-27 21:52:57'),(227,18,224,'Lampung Selatan','2021-05-27 21:52:57','2021-05-27 21:52:57'),(228,18,225,'Lampung Tengah','2021-05-27 21:52:57','2021-05-27 21:52:57'),(229,18,226,'Lampung Timur','2021-05-27 21:52:57','2021-05-27 21:52:57'),(230,18,227,'Lampung Utara','2021-05-27 21:52:57','2021-05-27 21:52:57'),(231,18,282,'Mesuji','2021-05-27 21:52:57','2021-05-27 21:52:57'),(232,18,283,'Metro','2021-05-27 21:52:57','2021-05-27 21:52:57'),(233,18,355,'Pesawaran','2021-05-27 21:52:57','2021-05-27 21:52:57'),(234,18,356,'Pesisir Barat','2021-05-27 21:52:57','2021-05-27 21:52:57'),(235,18,368,'Pringsewu','2021-05-27 21:52:57','2021-05-27 21:52:57'),(236,18,458,'Tanggamus','2021-05-27 21:52:57','2021-05-27 21:52:57'),(237,18,490,'Tulang Bawang','2021-05-27 21:52:57','2021-05-27 21:52:57'),(238,18,491,'Tulang Bawang Barat','2021-05-27 21:52:57','2021-05-27 21:52:57'),(239,18,496,'Way Kanan','2021-05-27 21:52:57','2021-05-27 21:52:57'),(240,19,14,'Ambon','2021-05-27 21:52:58','2021-05-27 21:52:58'),(241,19,99,'Buru','2021-05-27 21:52:58','2021-05-27 21:52:58'),(242,19,100,'Buru Selatan','2021-05-27 21:52:58','2021-05-27 21:52:58'),(243,19,185,'Kepulauan Aru','2021-05-27 21:52:58','2021-05-27 21:52:58'),(244,19,258,'Maluku Barat Daya','2021-05-27 21:52:58','2021-05-27 21:52:58'),(245,19,259,'Maluku Tengah','2021-05-27 21:52:58','2021-05-27 21:52:58'),(246,19,260,'Maluku Tenggara','2021-05-27 21:52:58','2021-05-27 21:52:58'),(247,19,261,'Maluku Tenggara Barat','2021-05-27 21:52:58','2021-05-27 21:52:58'),(248,19,400,'Seram Bagian Barat','2021-05-27 21:52:58','2021-05-27 21:52:58'),(249,19,401,'Seram Bagian Timur','2021-05-27 21:52:58','2021-05-27 21:52:58'),(250,19,488,'Tual','2021-05-27 21:52:58','2021-05-27 21:52:58'),(251,20,138,'Halmahera Barat','2021-05-27 21:53:00','2021-05-27 21:53:00'),(252,20,139,'Halmahera Selatan','2021-05-27 21:53:00','2021-05-27 21:53:00'),(253,20,140,'Halmahera Tengah','2021-05-27 21:53:00','2021-05-27 21:53:00'),(254,20,141,'Halmahera Timur','2021-05-27 21:53:00','2021-05-27 21:53:00'),(255,20,142,'Halmahera Utara','2021-05-27 21:53:00','2021-05-27 21:53:00'),(256,20,191,'Kepulauan Sula','2021-05-27 21:53:00','2021-05-27 21:53:00'),(257,20,372,'Pulau Morotai','2021-05-27 21:53:00','2021-05-27 21:53:00'),(258,20,477,'Ternate','2021-05-27 21:53:00','2021-05-27 21:53:00'),(259,20,478,'Tidore Kepulauan','2021-05-27 21:53:00','2021-05-27 21:53:00'),(260,21,1,'Aceh Barat','2021-05-27 21:53:01','2021-05-27 21:53:01'),(261,21,2,'Aceh Barat Daya','2021-05-27 21:53:01','2021-05-27 21:53:01'),(262,21,3,'Aceh Besar','2021-05-27 21:53:01','2021-05-27 21:53:01'),(263,21,4,'Aceh Jaya','2021-05-27 21:53:01','2021-05-27 21:53:01'),(264,21,5,'Aceh Selatan','2021-05-27 21:53:01','2021-05-27 21:53:01'),(265,21,6,'Aceh Singkil','2021-05-27 21:53:01','2021-05-27 21:53:01'),(266,21,7,'Aceh Tamiang','2021-05-27 21:53:01','2021-05-27 21:53:01'),(267,21,8,'Aceh Tengah','2021-05-27 21:53:01','2021-05-27 21:53:01'),(268,21,9,'Aceh Tenggara','2021-05-27 21:53:01','2021-05-27 21:53:01'),(269,21,10,'Aceh Timur','2021-05-27 21:53:01','2021-05-27 21:53:01'),(270,21,11,'Aceh Utara','2021-05-27 21:53:01','2021-05-27 21:53:01'),(271,21,20,'Banda Aceh','2021-05-27 21:53:01','2021-05-27 21:53:01'),(272,21,59,'Bener Meriah','2021-05-27 21:53:01','2021-05-27 21:53:01'),(273,21,72,'Bireuen','2021-05-27 21:53:01','2021-05-27 21:53:01'),(274,21,127,'Gayo Lues','2021-05-27 21:53:01','2021-05-27 21:53:01'),(275,21,230,'Langsa','2021-05-27 21:53:01','2021-05-27 21:53:01'),(276,21,235,'Lhokseumawe','2021-05-27 21:53:01','2021-05-27 21:53:01'),(277,21,300,'Nagan Raya','2021-05-27 21:53:01','2021-05-27 21:53:01'),(278,21,358,'Pidie','2021-05-27 21:53:01','2021-05-27 21:53:01'),(279,21,359,'Pidie Jaya','2021-05-27 21:53:01','2021-05-27 21:53:01'),(280,21,384,'Sabang','2021-05-27 21:53:01','2021-05-27 21:53:01'),(281,21,414,'Simeulue','2021-05-27 21:53:01','2021-05-27 21:53:01'),(282,21,429,'Subulussalam','2021-05-27 21:53:01','2021-05-27 21:53:01'),(283,22,68,'Bima','2021-05-27 21:53:02','2021-05-27 21:53:02'),(284,22,69,'Bima','2021-05-27 21:53:02','2021-05-27 21:53:02'),(285,22,118,'Dompu','2021-05-27 21:53:02','2021-05-27 21:53:02'),(286,22,238,'Lombok Barat','2021-05-27 21:53:02','2021-05-27 21:53:02'),(287,22,239,'Lombok Tengah','2021-05-27 21:53:02','2021-05-27 21:53:02'),(288,22,240,'Lombok Timur','2021-05-27 21:53:02','2021-05-27 21:53:02'),(289,22,241,'Lombok Utara','2021-05-27 21:53:02','2021-05-27 21:53:02'),(290,22,276,'Mataram','2021-05-27 21:53:02','2021-05-27 21:53:02'),(291,22,438,'Sumbawa','2021-05-27 21:53:02','2021-05-27 21:53:02'),(292,22,439,'Sumbawa Barat','2021-05-27 21:53:02','2021-05-27 21:53:02'),(293,23,13,'Alor','2021-05-27 21:53:04','2021-05-27 21:53:04'),(294,23,58,'Belu','2021-05-27 21:53:04','2021-05-27 21:53:04'),(295,23,122,'Ende','2021-05-27 21:53:04','2021-05-27 21:53:04'),(296,23,125,'Flores Timur','2021-05-27 21:53:04','2021-05-27 21:53:04'),(297,23,212,'Kupang','2021-05-27 21:53:04','2021-05-27 21:53:04'),(298,23,213,'Kupang','2021-05-27 21:53:04','2021-05-27 21:53:04'),(299,23,234,'Lembata','2021-05-27 21:53:04','2021-05-27 21:53:04'),(300,23,269,'Manggarai','2021-05-27 21:53:04','2021-05-27 21:53:04'),(301,23,270,'Manggarai Barat','2021-05-27 21:53:04','2021-05-27 21:53:04'),(302,23,271,'Manggarai Timur','2021-05-27 21:53:04','2021-05-27 21:53:04'),(303,23,301,'Nagekeo','2021-05-27 21:53:04','2021-05-27 21:53:04'),(304,23,304,'Ngada','2021-05-27 21:53:04','2021-05-27 21:53:04'),(305,23,383,'Rote Ndao','2021-05-27 21:53:04','2021-05-27 21:53:04'),(306,23,385,'Sabu Raijua','2021-05-27 21:53:04','2021-05-27 21:53:04'),(307,23,412,'Sikka','2021-05-27 21:53:04','2021-05-27 21:53:04'),(308,23,434,'Sumba Barat','2021-05-27 21:53:04','2021-05-27 21:53:04'),(309,23,435,'Sumba Barat Daya','2021-05-27 21:53:04','2021-05-27 21:53:04'),(310,23,436,'Sumba Tengah','2021-05-27 21:53:04','2021-05-27 21:53:04'),(311,23,437,'Sumba Timur','2021-05-27 21:53:04','2021-05-27 21:53:04'),(312,23,479,'Timor Tengah Selatan','2021-05-27 21:53:04','2021-05-27 21:53:04'),(313,23,480,'Timor Tengah Utara','2021-05-27 21:53:04','2021-05-27 21:53:04'),(314,24,16,'Asmat','2021-05-27 21:53:05','2021-05-27 21:53:05'),(315,24,67,'Biak Numfor','2021-05-27 21:53:05','2021-05-27 21:53:05'),(316,24,90,'Boven Digoel','2021-05-27 21:53:05','2021-05-27 21:53:05'),(317,24,111,'Deiyai (Deliyai)','2021-05-27 21:53:05','2021-05-27 21:53:05'),(318,24,117,'Dogiyai','2021-05-27 21:53:05','2021-05-27 21:53:05'),(319,24,150,'Intan Jaya','2021-05-27 21:53:05','2021-05-27 21:53:05'),(320,24,157,'Jayapura','2021-05-27 21:53:05','2021-05-27 21:53:05'),(321,24,158,'Jayapura','2021-05-27 21:53:05','2021-05-27 21:53:05'),(322,24,159,'Jayawijaya','2021-05-27 21:53:05','2021-05-27 21:53:05'),(323,24,180,'Keerom','2021-05-27 21:53:05','2021-05-27 21:53:05'),(324,24,193,'Kepulauan Yapen (Yapen Waropen)','2021-05-27 21:53:05','2021-05-27 21:53:05'),(325,24,231,'Lanny Jaya','2021-05-27 21:53:05','2021-05-27 21:53:05'),(326,24,263,'Mamberamo Raya','2021-05-27 21:53:05','2021-05-27 21:53:05'),(327,24,264,'Mamberamo Tengah','2021-05-27 21:53:05','2021-05-27 21:53:05'),(328,24,274,'Mappi','2021-05-27 21:53:05','2021-05-27 21:53:05'),(329,24,281,'Merauke','2021-05-27 21:53:05','2021-05-27 21:53:05'),(330,24,284,'Mimika','2021-05-27 21:53:05','2021-05-27 21:53:05'),(331,24,299,'Nabire','2021-05-27 21:53:05','2021-05-27 21:53:05'),(332,24,303,'Nduga','2021-05-27 21:53:05','2021-05-27 21:53:05'),(333,24,335,'Paniai','2021-05-27 21:53:05','2021-05-27 21:53:05'),(334,24,347,'Pegunungan Bintang','2021-05-27 21:53:05','2021-05-27 21:53:05'),(335,24,373,'Puncak','2021-05-27 21:53:05','2021-05-27 21:53:05'),(336,24,374,'Puncak Jaya','2021-05-27 21:53:05','2021-05-27 21:53:05'),(337,24,392,'Sarmi','2021-05-27 21:53:05','2021-05-27 21:53:05'),(338,24,443,'Supiori','2021-05-27 21:53:05','2021-05-27 21:53:05'),(339,24,484,'Tolikara','2021-05-27 21:53:05','2021-05-27 21:53:05'),(340,24,495,'Waropen','2021-05-27 21:53:05','2021-05-27 21:53:05'),(341,24,499,'Yahukimo','2021-05-27 21:53:05','2021-05-27 21:53:05'),(342,24,500,'Yalimo','2021-05-27 21:53:05','2021-05-27 21:53:05'),(343,25,124,'Fakfak','2021-05-27 21:53:07','2021-05-27 21:53:07'),(344,25,165,'Kaimana','2021-05-27 21:53:07','2021-05-27 21:53:07'),(345,25,272,'Manokwari','2021-05-27 21:53:07','2021-05-27 21:53:07'),(346,25,273,'Manokwari Selatan','2021-05-27 21:53:07','2021-05-27 21:53:07'),(347,25,277,'Maybrat','2021-05-27 21:53:07','2021-05-27 21:53:07'),(348,25,346,'Pegunungan Arfak','2021-05-27 21:53:07','2021-05-27 21:53:07'),(349,25,378,'Raja Ampat','2021-05-27 21:53:07','2021-05-27 21:53:07'),(350,25,424,'Sorong','2021-05-27 21:53:07','2021-05-27 21:53:07'),(351,25,425,'Sorong','2021-05-27 21:53:07','2021-05-27 21:53:07'),(352,25,426,'Sorong Selatan','2021-05-27 21:53:07','2021-05-27 21:53:07'),(353,25,449,'Tambrauw','2021-05-27 21:53:07','2021-05-27 21:53:07'),(354,25,474,'Teluk Bintuni','2021-05-27 21:53:07','2021-05-27 21:53:07'),(355,25,475,'Teluk Wondama','2021-05-27 21:53:07','2021-05-27 21:53:07'),(356,26,60,'Bengkalis','2021-05-27 21:53:08','2021-05-27 21:53:08'),(357,26,120,'Dumai','2021-05-27 21:53:08','2021-05-27 21:53:08'),(358,26,147,'Indragiri Hilir','2021-05-27 21:53:08','2021-05-27 21:53:08'),(359,26,148,'Indragiri Hulu','2021-05-27 21:53:08','2021-05-27 21:53:08'),(360,26,166,'Kampar','2021-05-27 21:53:08','2021-05-27 21:53:08'),(361,26,187,'Kepulauan Meranti','2021-05-27 21:53:08','2021-05-27 21:53:08'),(362,26,207,'Kuantan Singingi','2021-05-27 21:53:08','2021-05-27 21:53:08'),(363,26,350,'Pekanbaru','2021-05-27 21:53:08','2021-05-27 21:53:08'),(364,26,351,'Pelalawan','2021-05-27 21:53:08','2021-05-27 21:53:08'),(365,26,381,'Rokan Hilir','2021-05-27 21:53:08','2021-05-27 21:53:08'),(366,26,382,'Rokan Hulu','2021-05-27 21:53:08','2021-05-27 21:53:08'),(367,26,406,'Siak','2021-05-27 21:53:08','2021-05-27 21:53:08'),(368,27,253,'Majene','2021-05-27 21:53:10','2021-05-27 21:53:10'),(369,27,262,'Mamasa','2021-05-27 21:53:10','2021-05-27 21:53:10'),(370,27,265,'Mamuju','2021-05-27 21:53:10','2021-05-27 21:53:10'),(371,27,266,'Mamuju Utara','2021-05-27 21:53:10','2021-05-27 21:53:10'),(372,27,362,'Polewali Mandar','2021-05-27 21:53:10','2021-05-27 21:53:10'),(373,28,38,'Bantaeng','2021-05-27 21:53:11','2021-05-27 21:53:11'),(374,28,47,'Barru','2021-05-27 21:53:11','2021-05-27 21:53:11'),(375,28,87,'Bone','2021-05-27 21:53:11','2021-05-27 21:53:11'),(376,28,95,'Bulukumba','2021-05-27 21:53:11','2021-05-27 21:53:11'),(377,28,123,'Enrekang','2021-05-27 21:53:11','2021-05-27 21:53:11'),(378,28,132,'Gowa','2021-05-27 21:53:11','2021-05-27 21:53:11'),(379,28,162,'Jeneponto','2021-05-27 21:53:11','2021-05-27 21:53:11'),(380,28,244,'Luwu','2021-05-27 21:53:11','2021-05-27 21:53:11'),(381,28,245,'Luwu Timur','2021-05-27 21:53:11','2021-05-27 21:53:11'),(382,28,246,'Luwu Utara','2021-05-27 21:53:11','2021-05-27 21:53:11'),(383,28,254,'Makassar','2021-05-27 21:53:11','2021-05-27 21:53:11'),(384,28,275,'Maros','2021-05-27 21:53:11','2021-05-27 21:53:11'),(385,28,328,'Palopo','2021-05-27 21:53:11','2021-05-27 21:53:11'),(386,28,333,'Pangkajene Kepulauan','2021-05-27 21:53:11','2021-05-27 21:53:11'),(387,28,336,'Parepare','2021-05-27 21:53:11','2021-05-27 21:53:11'),(388,28,360,'Pinrang','2021-05-27 21:53:11','2021-05-27 21:53:11'),(389,28,396,'Selayar (Kepulauan Selayar)','2021-05-27 21:53:11','2021-05-27 21:53:11'),(390,28,408,'Sidenreng Rappang/Rapang','2021-05-27 21:53:11','2021-05-27 21:53:11'),(391,28,416,'Sinjai','2021-05-27 21:53:11','2021-05-27 21:53:11'),(392,28,423,'Soppeng','2021-05-27 21:53:11','2021-05-27 21:53:11'),(393,28,448,'Takalar','2021-05-27 21:53:11','2021-05-27 21:53:11'),(394,28,451,'Tana Toraja','2021-05-27 21:53:11','2021-05-27 21:53:11'),(395,28,486,'Toraja Utara','2021-05-27 21:53:11','2021-05-27 21:53:11'),(396,28,493,'Wajo','2021-05-27 21:53:11','2021-05-27 21:53:11'),(397,29,25,'Banggai','2021-05-27 21:53:12','2021-05-27 21:53:12'),(398,29,26,'Banggai Kepulauan','2021-05-27 21:53:12','2021-05-27 21:53:12'),(399,29,98,'Buol','2021-05-27 21:53:12','2021-05-27 21:53:12'),(400,29,119,'Donggala','2021-05-27 21:53:12','2021-05-27 21:53:12'),(401,29,291,'Morowali','2021-05-27 21:53:12','2021-05-27 21:53:12'),(402,29,329,'Palu','2021-05-27 21:53:12','2021-05-27 21:53:12'),(403,29,338,'Parigi Moutong','2021-05-27 21:53:12','2021-05-27 21:53:12'),(404,29,366,'Poso','2021-05-27 21:53:12','2021-05-27 21:53:12'),(405,29,410,'Sigi','2021-05-27 21:53:12','2021-05-27 21:53:12'),(406,29,482,'Tojo Una-Una','2021-05-27 21:53:12','2021-05-27 21:53:12'),(407,29,483,'Toli-Toli','2021-05-27 21:53:12','2021-05-27 21:53:12'),(408,30,53,'Bau-Bau','2021-05-27 21:53:14','2021-05-27 21:53:14'),(409,30,85,'Bombana','2021-05-27 21:53:14','2021-05-27 21:53:14'),(410,30,101,'Buton','2021-05-27 21:53:14','2021-05-27 21:53:14'),(411,30,102,'Buton Utara','2021-05-27 21:53:14','2021-05-27 21:53:14'),(412,30,182,'Kendari','2021-05-27 21:53:14','2021-05-27 21:53:14'),(413,30,198,'Kolaka','2021-05-27 21:53:14','2021-05-27 21:53:14'),(414,30,199,'Kolaka Utara','2021-05-27 21:53:14','2021-05-27 21:53:14'),(415,30,200,'Konawe','2021-05-27 21:53:14','2021-05-27 21:53:14'),(416,30,201,'Konawe Selatan','2021-05-27 21:53:14','2021-05-27 21:53:14'),(417,30,202,'Konawe Utara','2021-05-27 21:53:14','2021-05-27 21:53:14'),(418,30,295,'Muna','2021-05-27 21:53:14','2021-05-27 21:53:14'),(419,30,494,'Wakatobi','2021-05-27 21:53:14','2021-05-27 21:53:14'),(420,31,73,'Bitung','2021-05-27 21:53:15','2021-05-27 21:53:15'),(421,31,81,'Bolaang Mongondow (Bolmong)','2021-05-27 21:53:15','2021-05-27 21:53:15'),(422,31,82,'Bolaang Mongondow Selatan','2021-05-27 21:53:15','2021-05-27 21:53:15'),(423,31,83,'Bolaang Mongondow Timur','2021-05-27 21:53:15','2021-05-27 21:53:15'),(424,31,84,'Bolaang Mongondow Utara','2021-05-27 21:53:15','2021-05-27 21:53:15'),(425,31,188,'Kepulauan Sangihe','2021-05-27 21:53:15','2021-05-27 21:53:15'),(426,31,190,'Kepulauan Siau Tagulandang Biaro (Sitaro)','2021-05-27 21:53:15','2021-05-27 21:53:15'),(427,31,192,'Kepulauan Talaud','2021-05-27 21:53:15','2021-05-27 21:53:15'),(428,31,204,'Kotamobagu','2021-05-27 21:53:15','2021-05-27 21:53:15'),(429,31,267,'Manado','2021-05-27 21:53:15','2021-05-27 21:53:15'),(430,31,285,'Minahasa','2021-05-27 21:53:15','2021-05-27 21:53:15'),(431,31,286,'Minahasa Selatan','2021-05-27 21:53:15','2021-05-27 21:53:15'),(432,31,287,'Minahasa Tenggara','2021-05-27 21:53:16','2021-05-27 21:53:16'),(433,31,288,'Minahasa Utara','2021-05-27 21:53:16','2021-05-27 21:53:16'),(434,31,485,'Tomohon','2021-05-27 21:53:16','2021-05-27 21:53:16'),(435,32,12,'Agam','2021-05-27 21:53:17','2021-05-27 21:53:17'),(436,32,93,'Bukittinggi','2021-05-27 21:53:17','2021-05-27 21:53:17'),(437,32,116,'Dharmasraya','2021-05-27 21:53:17','2021-05-27 21:53:17'),(438,32,186,'Kepulauan Mentawai','2021-05-27 21:53:17','2021-05-27 21:53:17'),(439,32,236,'Lima Puluh Koto/Kota','2021-05-27 21:53:17','2021-05-27 21:53:17'),(440,32,318,'Padang','2021-05-27 21:53:17','2021-05-27 21:53:17'),(441,32,321,'Padang Panjang','2021-05-27 21:53:17','2021-05-27 21:53:17'),(442,32,322,'Padang Pariaman','2021-05-27 21:53:17','2021-05-27 21:53:17'),(443,32,337,'Pariaman','2021-05-27 21:53:17','2021-05-27 21:53:17'),(444,32,339,'Pasaman','2021-05-27 21:53:17','2021-05-27 21:53:17'),(445,32,340,'Pasaman Barat','2021-05-27 21:53:17','2021-05-27 21:53:17'),(446,32,345,'Payakumbuh','2021-05-27 21:53:17','2021-05-27 21:53:17'),(447,32,357,'Pesisir Selatan','2021-05-27 21:53:17','2021-05-27 21:53:17'),(448,32,394,'Sawah Lunto','2021-05-27 21:53:17','2021-05-27 21:53:17'),(449,32,411,'Sijunjung (Sawah Lunto Sijunjung)','2021-05-27 21:53:17','2021-05-27 21:53:17'),(450,32,420,'Solok','2021-05-27 21:53:17','2021-05-27 21:53:17'),(451,32,421,'Solok','2021-05-27 21:53:17','2021-05-27 21:53:17'),(452,32,422,'Solok Selatan','2021-05-27 21:53:17','2021-05-27 21:53:17'),(453,32,453,'Tanah Datar','2021-05-27 21:53:17','2021-05-27 21:53:17'),(454,33,40,'Banyuasin','2021-05-27 21:53:18','2021-05-27 21:53:18'),(455,33,121,'Empat Lawang','2021-05-27 21:53:18','2021-05-27 21:53:18'),(456,33,220,'Lahat','2021-05-27 21:53:18','2021-05-27 21:53:18'),(457,33,242,'Lubuk Linggau','2021-05-27 21:53:18','2021-05-27 21:53:18'),(458,33,292,'Muara Enim','2021-05-27 21:53:18','2021-05-27 21:53:18'),(459,33,297,'Musi Banyuasin','2021-05-27 21:53:18','2021-05-27 21:53:18'),(460,33,298,'Musi Rawas','2021-05-27 21:53:18','2021-05-27 21:53:18'),(461,33,312,'Ogan Ilir','2021-05-27 21:53:18','2021-05-27 21:53:18'),(462,33,313,'Ogan Komering Ilir','2021-05-27 21:53:18','2021-05-27 21:53:18'),(463,33,314,'Ogan Komering Ulu','2021-05-27 21:53:18','2021-05-27 21:53:18'),(464,33,315,'Ogan Komering Ulu Selatan','2021-05-27 21:53:18','2021-05-27 21:53:18'),(465,33,316,'Ogan Komering Ulu Timur','2021-05-27 21:53:18','2021-05-27 21:53:18'),(466,33,324,'Pagar Alam','2021-05-27 21:53:18','2021-05-27 21:53:18'),(467,33,327,'Palembang','2021-05-27 21:53:18','2021-05-27 21:53:18'),(468,33,367,'Prabumulih','2021-05-27 21:53:18','2021-05-27 21:53:18'),(469,34,15,'Asahan','2021-05-27 21:53:19','2021-05-27 21:53:19'),(470,34,52,'Batu Bara','2021-05-27 21:53:19','2021-05-27 21:53:19'),(471,34,70,'Binjai','2021-05-27 21:53:19','2021-05-27 21:53:19'),(472,34,110,'Dairi','2021-05-27 21:53:19','2021-05-27 21:53:19'),(473,34,112,'Deli Serdang','2021-05-27 21:53:19','2021-05-27 21:53:19'),(474,34,137,'Gunungsitoli','2021-05-27 21:53:19','2021-05-27 21:53:19'),(475,34,146,'Humbang Hasundutan','2021-05-27 21:53:19','2021-05-27 21:53:19'),(476,34,173,'Karo','2021-05-27 21:53:19','2021-05-27 21:53:19'),(477,34,217,'Labuhan Batu','2021-05-27 21:53:19','2021-05-27 21:53:19'),(478,34,218,'Labuhan Batu Selatan','2021-05-27 21:53:19','2021-05-27 21:53:19'),(479,34,219,'Labuhan Batu Utara','2021-05-27 21:53:19','2021-05-27 21:53:19'),(480,34,229,'Langkat','2021-05-27 21:53:19','2021-05-27 21:53:19'),(481,34,268,'Mandailing Natal','2021-05-27 21:53:19','2021-05-27 21:53:19'),(482,34,278,'Medan','2021-05-27 21:53:19','2021-05-27 21:53:19'),(483,34,307,'Nias','2021-05-27 21:53:19','2021-05-27 21:53:19'),(484,34,308,'Nias Barat','2021-05-27 21:53:19','2021-05-27 21:53:19'),(485,34,309,'Nias Selatan','2021-05-27 21:53:19','2021-05-27 21:53:19'),(486,34,310,'Nias Utara','2021-05-27 21:53:19','2021-05-27 21:53:19'),(487,34,319,'Padang Lawas','2021-05-27 21:53:19','2021-05-27 21:53:19'),(488,34,320,'Padang Lawas Utara','2021-05-27 21:53:19','2021-05-27 21:53:19'),(489,34,323,'Padang Sidempuan','2021-05-27 21:53:19','2021-05-27 21:53:19'),(490,34,325,'Pakpak Bharat','2021-05-27 21:53:19','2021-05-27 21:53:19'),(491,34,353,'Pematang Siantar','2021-05-27 21:53:19','2021-05-27 21:53:19'),(492,34,389,'Samosir','2021-05-27 21:53:19','2021-05-27 21:53:19'),(493,34,404,'Serdang Bedagai','2021-05-27 21:53:19','2021-05-27 21:53:19'),(494,34,407,'Sibolga','2021-05-27 21:53:19','2021-05-27 21:53:19'),(495,34,413,'Simalungun','2021-05-27 21:53:19','2021-05-27 21:53:19'),(496,34,459,'Tanjung Balai','2021-05-27 21:53:19','2021-05-27 21:53:19'),(497,34,463,'Tapanuli Selatan','2021-05-27 21:53:19','2021-05-27 21:53:19'),(498,34,464,'Tapanuli Tengah','2021-05-27 21:53:19','2021-05-27 21:53:19'),(499,34,465,'Tapanuli Utara','2021-05-27 21:53:19','2021-05-27 21:53:19'),(500,34,470,'Tebing Tinggi','2021-05-27 21:53:19','2021-05-27 21:53:19'),(501,34,481,'Toba Samosir','2021-05-27 21:53:19','2021-05-27 21:53:19');

UNLOCK TABLES;

/*Table structure for table `couriers` */

DROP TABLE IF EXISTS `couriers`;

CREATE TABLE `couriers` (
  `id` bigint(20) unsigned NOT NULL AUTO_INCREMENT,
  `courier` varchar(255) COLLATE utf8mb4_unicode_ci NOT NULL,
  `created_at` timestamp NULL DEFAULT NULL,
  `updated_at` timestamp NULL DEFAULT NULL,
  `slug` varchar(255) COLLATE utf8mb4_unicode_ci NOT NULL,
  `deleted_at` timestamp NULL DEFAULT NULL,
  PRIMARY KEY (`id`)
) ENGINE=InnoDB AUTO_INCREMENT=6 DEFAULT CHARSET=utf8mb4 COLLATE=utf8mb4_unicode_ci;

/*Data for the table `couriers` */

LOCK TABLES `couriers` WRITE;

insert  into `couriers`(`id`,`courier`,`created_at`,`updated_at`,`slug`,`deleted_at`) values (1,'LeonParsel','2021-05-26 08:08:38','2021-05-26 08:08:38','leonparsel',NULL),(2,'SiCepat','2021-05-26 08:14:43','2021-05-26 08:14:43','sicepat',NULL),(3,'jne','2021-05-27 15:00:06','2021-05-27 15:10:49','jne','2021-05-27 15:10:49'),(4,'jne','2021-05-27 15:00:50','2021-05-27 15:10:44','jne-2','2021-05-27 15:10:44'),(5,'jne','2021-05-27 15:01:00','2021-05-27 15:10:41','jne-3','2021-05-27 15:10:41');

UNLOCK TABLES;

/*Table structure for table `discounts` */

DROP TABLE IF EXISTS `discounts`;

CREATE TABLE `discounts` (
  `id` bigint(20) unsigned NOT NULL AUTO_INCREMENT,
  `products_id` bigint(20) unsigned NOT NULL,
  `percentage` int(11) NOT NULL,
  `start` date NOT NULL,
  `end` date NOT NULL,
  `created_at` timestamp NULL DEFAULT NULL,
  `updated_at` timestamp NULL DEFAULT NULL,
  `deleted_at` timestamp NULL DEFAULT NULL,
  PRIMARY KEY (`id`),
  KEY `products_id` (`products_id`),
  CONSTRAINT `discounts_ibfk_1` FOREIGN KEY (`products_id`) REFERENCES `products` (`id`)
) ENGINE=InnoDB AUTO_INCREMENT=23 DEFAULT CHARSET=utf8mb4 COLLATE=utf8mb4_unicode_ci;

/*Data for the table `discounts` */

LOCK TABLES `discounts` WRITE;

insert  into `discounts`(`id`,`products_id`,`percentage`,`start`,`end`,`created_at`,`updated_at`,`deleted_at`) values (15,13,90,'2021-05-20','2021-05-21','2021-05-19 12:23:54','2021-05-19 14:08:55','2021-05-19 14:08:55'),(16,13,70,'2021-05-21','2021-05-25','2021-05-19 14:09:09','2021-05-22 06:09:27','2021-05-22 06:09:27'),(17,35,60,'2021-05-21','2021-05-22','2021-05-20 03:40:15','2021-05-20 03:47:03','2021-05-20 03:47:03'),(18,35,60,'2021-05-21','2021-05-22','2021-05-20 03:47:39','2021-05-24 00:59:25','2021-05-24 00:59:25'),(19,13,50,'2021-05-22','2021-05-23','2021-05-21 12:20:21','2021-05-21 12:20:21',NULL),(20,35,50,'2021-05-25','2021-05-26','2021-05-24 01:03:48','2021-05-27 14:55:20','2021-05-27 14:55:20'),(21,32,50,'2021-05-27','2021-05-28','2021-05-26 16:16:17','2021-05-26 16:16:17',NULL),(22,35,40,'2021-05-28','2021-05-29','2021-05-27 14:55:37','2021-05-27 14:55:51',NULL);

UNLOCK TABLES;

/*Table structure for table `failed_jobs` */

DROP TABLE IF EXISTS `failed_jobs`;

CREATE TABLE `failed_jobs` (
  `id` bigint(20) unsigned NOT NULL AUTO_INCREMENT,
  `uuid` varchar(255) COLLATE utf8mb4_unicode_ci NOT NULL,
  `connection` text COLLATE utf8mb4_unicode_ci NOT NULL,
  `queue` text COLLATE utf8mb4_unicode_ci NOT NULL,
  `payload` longtext COLLATE utf8mb4_unicode_ci NOT NULL,
  `exception` longtext COLLATE utf8mb4_unicode_ci NOT NULL,
  `failed_at` timestamp NOT NULL DEFAULT current_timestamp(),
  PRIMARY KEY (`id`),
  UNIQUE KEY `failed_jobs_uuid_unique` (`uuid`)
) ENGINE=InnoDB DEFAULT CHARSET=utf8mb4 COLLATE=utf8mb4_unicode_ci;

/*Data for the table `failed_jobs` */

LOCK TABLES `failed_jobs` WRITE;

UNLOCK TABLES;

/*Table structure for table `migrations` */

DROP TABLE IF EXISTS `migrations`;

CREATE TABLE `migrations` (
  `id` int(10) unsigned NOT NULL AUTO_INCREMENT,
  `migration` varchar(255) COLLATE utf8mb4_unicode_ci NOT NULL,
  `batch` int(11) NOT NULL,
  PRIMARY KEY (`id`)
) ENGINE=InnoDB AUTO_INCREMENT=20 DEFAULT CHARSET=utf8mb4 COLLATE=utf8mb4_unicode_ci;

/*Data for the table `migrations` */

LOCK TABLES `migrations` WRITE;

insert  into `migrations`(`id`,`migration`,`batch`) values (1,'2014_10_12_000000_create_users_table',1),(2,'2014_10_12_100000_create_password_resets_table',1),(3,'2019_08_19_000000_create_failed_jobs_table',1),(4,'2021_03_14_003803_create_user_notifications_table',1),(5,'2021_03_14_093553_create_admin_notifications_table',1),(6,'2021_03_14_093736_create_couriers_table',1),(7,'2021_03_14_093954_create_products_table',1),(8,'2021_03_14_094408_create_product_reviews_table',1),(9,'2021_03_14_094732_create_product_images_table',1),(10,'2021_03_14_095034_create_product_categories_table',1),(11,'2021_03_15_070428_create_product_category_details_table',1),(12,'2021_03_15_070625_create_responses_table',1),(13,'2021_03_15_071404_create_carts_table',1),(14,'2021_03_15_072053_create_discounts_table',1),(15,'2021_03_15_072304_create_transactions_table',1),(16,'2021_03_15_074827_create_transaction_details_table',1),(17,'2021_03_30_153158_create_admins_table',1),(18,'2021_05_27_180217_create_provinces_table',2),(19,'2021_05_27_180240_create_cities_table',2);

UNLOCK TABLES;

/*Table structure for table `notifications` */

DROP TABLE IF EXISTS `notifications`;

CREATE TABLE `notifications` (
  `id` char(36) COLLATE utf8mb4_unicode_ci NOT NULL,
  `type` varchar(255) COLLATE utf8mb4_unicode_ci NOT NULL,
  `notifiable_type` varchar(255) COLLATE utf8mb4_unicode_ci NOT NULL,
  `notifiable_id` bigint(20) unsigned NOT NULL,
  `data` text COLLATE utf8mb4_unicode_ci NOT NULL,
  `read_at` timestamp NULL DEFAULT NULL,
  `created_at` timestamp NULL DEFAULT NULL,
  `updated_at` timestamp NULL DEFAULT NULL,
  PRIMARY KEY (`id`),
  KEY `admin_notifications_notifiable_id_foreign` (`notifiable_id`)
) ENGINE=InnoDB DEFAULT CHARSET=utf8mb4 COLLATE=utf8mb4_unicode_ci;

/*Data for the table `notifications` */

LOCK TABLES `notifications` WRITE;

UNLOCK TABLES;

/*Table structure for table `password_resets` */

DROP TABLE IF EXISTS `password_resets`;

CREATE TABLE `password_resets` (
  `email` varchar(255) COLLATE utf8mb4_unicode_ci NOT NULL,
  `token` varchar(255) COLLATE utf8mb4_unicode_ci NOT NULL,
  `created_at` timestamp NULL DEFAULT NULL,
  KEY `password_resets_email_index` (`email`)
) ENGINE=InnoDB DEFAULT CHARSET=utf8mb4 COLLATE=utf8mb4_unicode_ci;

/*Data for the table `password_resets` */

LOCK TABLES `password_resets` WRITE;

UNLOCK TABLES;

/*Table structure for table `product_categories` */

DROP TABLE IF EXISTS `product_categories`;

CREATE TABLE `product_categories` (
  `id` bigint(20) unsigned NOT NULL AUTO_INCREMENT,
  `category_name` varchar(255) COLLATE utf8mb4_unicode_ci NOT NULL,
  `created_at` timestamp NULL DEFAULT NULL,
  `updated_at` timestamp NULL DEFAULT NULL,
  `slug` varchar(255) COLLATE utf8mb4_unicode_ci NOT NULL,
  `deleted_at` timestamp NULL DEFAULT NULL,
  PRIMARY KEY (`id`)
) ENGINE=InnoDB AUTO_INCREMENT=15 DEFAULT CHARSET=utf8mb4 COLLATE=utf8mb4_unicode_ci;

/*Data for the table `product_categories` */

LOCK TABLES `product_categories` WRITE;

insert  into `product_categories`(`id`,`category_name`,`created_at`,`updated_at`,`slug`,`deleted_at`) values (2,'Shoes','2021-04-27 05:17:04','2021-05-12 11:28:38','shoes',NULL),(3,'T-shirt','2021-04-27 05:17:13','2021-04-27 05:17:13','t-shirt',NULL),(4,'Hoodies & Sweatshirt','2021-04-27 13:46:27','2021-04-27 13:46:27','hoodies-sweatshirt',NULL),(5,'Trousers','2021-04-27 13:46:46','2021-05-21 13:15:23','trousers','2021-05-21 13:15:23'),(6,'Shirts','2021-04-27 13:46:58','2021-04-27 13:46:58','shirts',NULL),(7,'Jeans','2021-04-27 13:47:22','2021-05-21 13:15:27','jeans','2021-05-21 13:15:27'),(8,'Jackets','2021-04-27 13:47:31','2021-04-27 13:47:31','jackets',NULL),(9,'Shorts','2021-04-27 13:47:45','2021-04-27 13:47:45','shorts',NULL),(10,'Underwear','2021-04-27 13:47:58','2021-04-27 13:47:58','underwear',NULL),(11,'Swimwear','2021-04-27 13:48:24','2021-04-27 13:48:24','swimwear',NULL),(12,'Accessories','2021-04-27 13:49:02','2021-04-27 13:49:02','accessories',NULL),(13,'Pants','2021-05-21 13:15:37','2021-05-21 13:15:37','pants',NULL),(14,'Bags','2021-05-27 15:13:38','2021-05-27 15:14:35','bags','2021-05-27 15:14:35');

UNLOCK TABLES;

/*Table structure for table `product_category_details` */

DROP TABLE IF EXISTS `product_category_details`;

CREATE TABLE `product_category_details` (
  `id` bigint(20) unsigned NOT NULL AUTO_INCREMENT,
  `product_id` bigint(20) unsigned NOT NULL,
  `category_id` bigint(20) unsigned NOT NULL,
  `created_at` timestamp NULL DEFAULT NULL,
  `updated_at` timestamp NULL DEFAULT NULL,
  PRIMARY KEY (`id`),
  KEY `product_category_details_product_id_foreign` (`product_id`),
  KEY `product_category_details_category_id_foreign` (`category_id`),
  CONSTRAINT `product_category_details_category_id_foreign` FOREIGN KEY (`category_id`) REFERENCES `product_categories` (`id`),
  CONSTRAINT `product_category_details_product_id_foreign` FOREIGN KEY (`product_id`) REFERENCES `products` (`id`)
) ENGINE=InnoDB AUTO_INCREMENT=39 DEFAULT CHARSET=utf8mb4 COLLATE=utf8mb4_unicode_ci;

/*Data for the table `product_category_details` */

LOCK TABLES `product_category_details` WRITE;

insert  into `product_category_details`(`id`,`product_id`,`category_id`,`created_at`,`updated_at`) values (8,14,6,NULL,NULL),(9,15,8,NULL,NULL),(12,18,3,NULL,NULL),(23,28,3,NULL,NULL),(24,29,3,NULL,NULL),(25,30,2,NULL,NULL),(26,31,2,NULL,NULL),(27,32,8,NULL,NULL),(28,33,3,NULL,NULL),(29,34,2,NULL,NULL),(30,34,6,NULL,NULL),(34,36,2,NULL,NULL),(35,13,4,NULL,NULL),(36,35,13,NULL,NULL),(37,37,13,NULL,NULL),(38,38,2,NULL,NULL);

UNLOCK TABLES;

/*Table structure for table `product_images` */

DROP TABLE IF EXISTS `product_images`;

CREATE TABLE `product_images` (
  `id` bigint(20) unsigned NOT NULL AUTO_INCREMENT,
  `products_id` bigint(20) unsigned NOT NULL,
  `image_name` varchar(255) COLLATE utf8mb4_unicode_ci NOT NULL,
  `created_at` timestamp NULL DEFAULT NULL,
  `updated_at` timestamp NULL DEFAULT NULL,
  PRIMARY KEY (`id`),
  KEY `products_id` (`products_id`),
  CONSTRAINT `product_images_ibfk_1` FOREIGN KEY (`products_id`) REFERENCES `products` (`id`)
) ENGINE=InnoDB AUTO_INCREMENT=92 DEFAULT CHARSET=utf8mb4 COLLATE=utf8mb4_unicode_ci;

/*Data for the table `product_images` */

LOCK TABLES `product_images` WRITE;

insert  into `product_images`(`id`,`products_id`,`image_name`,`created_at`,`updated_at`) values (9,15,'jaket1.jpg',NULL,NULL),(10,14,'kemeja1.jpg',NULL,NULL),(17,30,'1620441237-Compass_Gazelle_Low___White_Red.jpg','2021-05-08 02:33:57','2021-05-08 02:33:57'),(24,15,'1620484845-jaket2.jpg','2021-05-08 14:40:45','2021-05-08 14:40:45'),(25,18,'1620487124-edd5fd5edb1ed0d83bbc1eebb25f4a9b5cdbf44f_xxl-1.jpg','2021-05-08 15:18:44','2021-05-08 15:18:44'),(32,33,'1620817897-edd5fd5edb1ed0d83bbc1eebb25f4a9b5cdbf44f_xxl-1.jpg','2021-05-12 11:11:37','2021-05-12 11:11:37'),(33,33,'1620817897-kaos1.jpg','2021-05-12 11:11:37','2021-05-12 11:11:37'),(34,33,'1620817897-jaket1.jpg','2021-05-12 11:11:37','2021-05-12 11:11:37'),(35,18,'1620818199-kaos2.jpg','2021-05-12 11:16:39','2021-05-12 11:16:39'),(36,18,'1620818199-kaos1.jpg','2021-05-12 11:16:39','2021-05-12 11:16:39'),(49,34,'1620948002-air-jordan-1-dior-release-info-5.jpg','2021-05-13 23:20:02','2021-05-13 23:20:02'),(50,34,'1620948002-air-jordan-1-dior-release-info-4.jpg','2021-05-13 23:20:02','2021-05-13 23:20:02'),(69,36,'1621550866-4e7a29333501af827ac61e3ff97d9951a3ea24ad_xxl-1.jpg','2021-05-20 22:47:46','2021-05-20 22:47:46'),(70,36,'1621550866-5fca747ab27d9818302c2443233f4a417f8fef4b_xxl-1.jpg','2021-05-20 22:47:46','2021-05-20 22:47:46'),(76,36,'1621602555-537e8bb636add51416a90d4d736d353714cb6696_xxl-1.jpg','2021-05-21 13:09:15','2021-05-21 13:09:15'),(77,36,'1621602555-094fb1edda797e1f8c6df19082bb8c80e7589df1_xxl-1.jpg','2021-05-21 13:09:15','2021-05-21 13:09:15'),(78,32,'1621602582-jaket2.jpg','2021-05-21 13:09:42','2021-05-21 13:09:42'),(81,13,'1621602744-b9ef49371d549da889478f84f93bbc71fe1281d7_xxl-1.jpg','2021-05-21 13:12:24','2021-05-21 13:12:24'),(82,13,'1621602774-6e8a11c34fa30a335696a77b4eb1a18c9fe54fe1_xxl-1.jpg','2021-05-21 13:12:54','2021-05-21 13:12:54'),(83,13,'1621602774-ad51022957b495e289ca41458ac8306d42b5c907_xxl-1.jpg','2021-05-21 13:12:54','2021-05-21 13:12:54'),(85,35,'1621603324-ec1e3aa25a42e83996c1002e9bf17d617ae0628e_xxl-1.jpg','2021-05-21 13:22:04','2021-05-21 13:22:04'),(86,35,'1621603362-chinos2.jpg','2021-05-21 13:22:42','2021-05-21 13:22:42'),(87,37,'1622003614-jeans2.jpg','2021-05-26 04:33:34','2021-05-26 04:33:34'),(88,37,'1622003614-jeans1.jpg','2021-05-26 04:33:34','2021-05-26 04:33:34'),(89,38,'1622016269-1621550915-jaket1.jpg','2021-05-26 08:04:29','2021-05-26 08:04:29'),(91,32,'1622098186-1621550915-jaket1.jpg','2021-05-27 14:49:46','2021-05-27 14:49:46');

UNLOCK TABLES;

/*Table structure for table `product_reviews` */

DROP TABLE IF EXISTS `product_reviews`;

CREATE TABLE `product_reviews` (
  `id` bigint(20) unsigned NOT NULL AUTO_INCREMENT,
  `product_id` bigint(20) unsigned NOT NULL,
  `user_id` bigint(20) unsigned NOT NULL,
  `transaction_id` bigint(20) NOT NULL,
  `rate` int(11) NOT NULL,
  `content` text COLLATE utf8mb4_unicode_ci NOT NULL,
  `created_at` timestamp NULL DEFAULT NULL,
  `updated_at` timestamp NULL DEFAULT NULL,
  PRIMARY KEY (`id`),
  KEY `product_id` (`product_id`),
  KEY `user_id` (`user_id`),
  CONSTRAINT `product_reviews_ibfk_1` FOREIGN KEY (`product_id`) REFERENCES `products` (`id`),
  CONSTRAINT `product_reviews_ibfk_2` FOREIGN KEY (`user_id`) REFERENCES `users` (`id`)
) ENGINE=InnoDB AUTO_INCREMENT=13 DEFAULT CHARSET=utf8mb4 COLLATE=utf8mb4_unicode_ci;

/*Data for the table `product_reviews` */

LOCK TABLES `product_reviews` WRITE;

insert  into `product_reviews`(`id`,`product_id`,`user_id`,`transaction_id`,`rate`,`content`,`created_at`,`updated_at`) values (1,35,1,24,3,'Anjay','2021-05-26 17:48:52','2021-05-29 22:18:42'),(2,35,1,23,2,'asu','2021-05-30 15:44:49','2021-05-30 15:44:49'),(4,35,1,25,4,'Anjay pokoknya','2021-06-01 01:43:36','2021-06-01 01:43:36'),(12,35,1,26,0,'ppppp','2021-06-01 02:15:58','2021-06-01 02:15:58');

UNLOCK TABLES;

/*Table structure for table `products` */

DROP TABLE IF EXISTS `products`;

CREATE TABLE `products` (
  `id` bigint(20) unsigned NOT NULL AUTO_INCREMENT,
  `product_name` varchar(255) COLLATE utf8mb4_unicode_ci NOT NULL,
  `price` int(11) NOT NULL,
  `description` text COLLATE utf8mb4_unicode_ci NOT NULL,
  `product_rate` double DEFAULT NULL,
  `stock` int(11) NOT NULL,
  `weight` int(11) NOT NULL,
  `created_at` timestamp NULL DEFAULT NULL,
  `updated_at` timestamp NULL DEFAULT NULL,
  `slug` varchar(255) COLLATE utf8mb4_unicode_ci NOT NULL,
  `deleted_at` timestamp NULL DEFAULT NULL,
  PRIMARY KEY (`id`)
) ENGINE=InnoDB AUTO_INCREMENT=39 DEFAULT CHARSET=utf8mb4 COLLATE=utf8mb4_unicode_ci;

/*Data for the table `products` */

LOCK TABLES `products` WRITE;

insert  into `products`(`id`,`product_name`,`price`,`description`,`product_rate`,`stock`,`weight`,`created_at`,`updated_at`,`slug`,`deleted_at`) values (13,'Oversized Hoodie',899900,'Hoodie jumbo dari katun jersey organik yang tebal dengan motif bunga di bagian belakang dan logo desainer dibordir di bagian depan. Tudung berlapis ganda dengan lubang logam dan tali serut, bahu menurun, lengan panjang, dan kelim yang sedikit mengembang dengan saku samar di jahitan sampingnya. Tepi berusuk di manset dan kelim.',5,15,200,'2021-05-21 21:11:59','2021-05-27 15:05:56','oversized-hoodie','2021-05-27 15:05:56'),(14,'Corduroy Shirt Regular Fit',399900,'Shirt in cotton corduroy with a button-down collar, classic front and yoke at the back. Open chest pocket and long sleeves with adjustable buttoning at the cuffs and a sleeve placket with a link button. Rounded hem. Regular Fit  a classic fit with good room for movement and a gently tapered waist to create a comfortable, tailored silhouette.',5,31,226,'2021-05-08 23:18:15','2021-05-08 15:18:15','corduroy-shirt-regular-fit-1','2021-05-08 15:18:15'),(15,'Bomber Jacket',499900,'Bomber jacket in woven fabric with a ribbed stand-up collar and zip down the front. Zipped chest pocket, pockets in the side seams, an inner pocket with a press-stud, and ribbing at the cuffs and hem. Lined.',5,38,300,'2021-05-08 23:17:24','2021-05-08 15:17:24','bomber-jacket','2021-05-08 15:17:24'),(18,'Printed T-shirt',129900,'T-shirt in soft cotton jersey with a round neckline and a print motif.',5,28,200,'2021-05-12 20:43:27','2021-05-12 12:43:27','printed-t-shirt-1','2021-05-12 12:43:27'),(28,'Printed T-shirt',6500,'test',5,53,148,'2021-05-08 23:18:06','2021-05-08 15:18:06','printed-t-shirt-1','2021-05-08 15:18:06'),(29,'Printed T-shirt',6500,'test',5,53,148,'2021-05-08 23:18:03','2021-05-08 15:18:03','printed-t-shirt-2','2021-05-08 15:18:03'),(30,'compass gazelle',399000,'test',0,37,3000,'2021-05-08 23:18:01','2021-05-08 15:18:01','compass-gazelle','2021-05-08 15:18:01'),(31,'patrobas black white',399000,'test',0,30,87,'2021-05-08 23:17:57','2021-05-08 15:17:57','patrobas-black-white','2021-05-08 15:17:57'),(32,'Black Bomber Jacket',499900,'jaket bomber',0,12,300,'2021-05-19 23:42:42','2021-05-27 14:56:11','black-bomber-jacket','2021-05-27 14:56:11'),(33,'Printed T-shirt',0,'test',0,6,100,'2021-05-14 07:59:36','2021-05-13 23:59:36','printed-t-shirt','2021-05-13 23:59:36'),(34,'Nike Air Jordan 1 Dior',80000000,'test',0,2,2000,'2021-05-14 07:53:56','2021-05-13 23:53:56','nike-air-jordan-1-dior-1','2021-05-13 23:53:56'),(35,'Cotton Chinos Skinny Fit',399900,'Celana panjang chino dari katun kepar stretch dengan golbi ritsleting dan kancing, saku samping diagonal dan saku bobok belakang dengan kancing. Skinny Fit  model kaki sedikit lebih pendek dimana bagian paha, lutut, dan pergelangan kaki ketat untuk menciptakan siluet yang pas.',2.25,18,200,'2021-05-21 21:21:46','2021-06-01 02:15:58','cotton-chinos-skinny-fit',NULL),(36,'Hi-top Trainers',599900,'Hi-tops in imitation leather with imitation suede details. Padded top edge and tongue, lacing at the front and eyelets at the sides. Linings and insoles in mesh made from recycled polyester. Rubber soles with a patterned underneath. Height of soles 3 cm.',0,50,500,'2021-05-20 22:43:28','2021-05-27 14:57:45','hi-top-trainers','2021-05-27 14:57:45'),(37,'Skinny Coated Jeans',599900,'CONSCIOUS Jean 5 saku berbahan denim stretch yang dapat dicuci terbuat dari campuran liosel Tencel  dengan pinggang biasa, bolgi ritsleting dan kancing, serta kaki yang kurus. Kandungan poliester pada celana jeans ini adalah hasil daur ulang.',0,50,200,'2021-05-26 04:33:34','2021-05-27 15:09:32','skinny-coated-jeans','2021-05-27 15:09:32'),(38,'Baju Ganteng',350000,'Baju hype beast',NULL,12,100,'2021-05-26 08:04:29','2021-05-26 08:06:00','baju-ganteng','2021-05-26 08:06:00');

UNLOCK TABLES;

/*Table structure for table `provinces` */

DROP TABLE IF EXISTS `provinces`;

CREATE TABLE `provinces` (
  `id` bigint(20) unsigned NOT NULL AUTO_INCREMENT,
  `province_id` int(10) unsigned NOT NULL,
  `name` varchar(255) COLLATE utf8mb4_unicode_ci NOT NULL,
  `created_at` timestamp NULL DEFAULT NULL,
  `updated_at` timestamp NULL DEFAULT NULL,
  PRIMARY KEY (`id`)
) ENGINE=InnoDB AUTO_INCREMENT=35 DEFAULT CHARSET=utf8mb4 COLLATE=utf8mb4_unicode_ci;

/*Data for the table `provinces` */

LOCK TABLES `provinces` WRITE;

insert  into `provinces`(`id`,`province_id`,`name`,`created_at`,`updated_at`) values (1,1,'Bali','2021-05-27 21:52:29','2021-05-27 21:52:29'),(2,2,'Bangka Belitung','2021-05-27 21:52:31','2021-05-27 21:52:31'),(3,3,'Banten','2021-05-27 21:52:32','2021-05-27 21:52:32'),(4,4,'Bengkulu','2021-05-27 21:52:34','2021-05-27 21:52:34'),(5,5,'DI Yogyakarta','2021-05-27 21:52:35','2021-05-27 21:52:35'),(6,6,'DKI Jakarta','2021-05-27 21:52:36','2021-05-27 21:52:36'),(7,7,'Gorontalo','2021-05-27 21:52:38','2021-05-27 21:52:38'),(8,8,'Jambi','2021-05-27 21:52:40','2021-05-27 21:52:40'),(9,9,'Jawa Barat','2021-05-27 21:52:41','2021-05-27 21:52:41'),(10,10,'Jawa Tengah','2021-05-27 21:52:42','2021-05-27 21:52:42'),(11,11,'Jawa Timur','2021-05-27 21:52:44','2021-05-27 21:52:44'),(12,12,'Kalimantan Barat','2021-05-27 21:52:46','2021-05-27 21:52:46'),(13,13,'Kalimantan Selatan','2021-05-27 21:52:47','2021-05-27 21:52:47'),(14,14,'Kalimantan Tengah','2021-05-27 21:52:49','2021-05-27 21:52:49'),(15,15,'Kalimantan Timur','2021-05-27 21:52:50','2021-05-27 21:52:50'),(16,16,'Kalimantan Utara','2021-05-27 21:52:52','2021-05-27 21:52:52'),(17,17,'Kepulauan Riau','2021-05-27 21:52:54','2021-05-27 21:52:54'),(18,18,'Lampung','2021-05-27 21:52:56','2021-05-27 21:52:56'),(19,19,'Maluku','2021-05-27 21:52:57','2021-05-27 21:52:57'),(20,20,'Maluku Utara','2021-05-27 21:52:58','2021-05-27 21:52:58'),(21,21,'Nanggroe Aceh Darussalam (NAD)','2021-05-27 21:53:00','2021-05-27 21:53:00'),(22,22,'Nusa Tenggara Barat (NTB)','2021-05-27 21:53:01','2021-05-27 21:53:01'),(23,23,'Nusa Tenggara Timur (NTT)','2021-05-27 21:53:02','2021-05-27 21:53:02'),(24,24,'Papua','2021-05-27 21:53:04','2021-05-27 21:53:04'),(25,25,'Papua Barat','2021-05-27 21:53:05','2021-05-27 21:53:05'),(26,26,'Riau','2021-05-27 21:53:07','2021-05-27 21:53:07'),(27,27,'Sulawesi Barat','2021-05-27 21:53:08','2021-05-27 21:53:08'),(28,28,'Sulawesi Selatan','2021-05-27 21:53:10','2021-05-27 21:53:10'),(29,29,'Sulawesi Tengah','2021-05-27 21:53:11','2021-05-27 21:53:11'),(30,30,'Sulawesi Tenggara','2021-05-27 21:53:12','2021-05-27 21:53:12'),(31,31,'Sulawesi Utara','2021-05-27 21:53:14','2021-05-27 21:53:14'),(32,32,'Sumatera Barat','2021-05-27 21:53:16','2021-05-27 21:53:16'),(33,33,'Sumatera Selatan','2021-05-27 21:53:17','2021-05-27 21:53:17'),(34,34,'Sumatera Utara','2021-05-27 21:53:18','2021-05-27 21:53:18');

UNLOCK TABLES;

/*Table structure for table `responses` */

DROP TABLE IF EXISTS `responses`;

CREATE TABLE `responses` (
  `id` bigint(20) unsigned NOT NULL AUTO_INCREMENT,
  `review_id` bigint(20) unsigned NOT NULL,
  `admin_id` bigint(20) unsigned NOT NULL,
  `content` text COLLATE utf8mb4_unicode_ci NOT NULL,
  `created_at` timestamp NULL DEFAULT NULL,
  `updated_at` timestamp NULL DEFAULT NULL,
  PRIMARY KEY (`id`),
  KEY `responses_review_id_foreign` (`review_id`),
  KEY `responses_admin_id_foreign` (`admin_id`),
  CONSTRAINT `responses_admin_id_foreign` FOREIGN KEY (`admin_id`) REFERENCES `users` (`id`),
  CONSTRAINT `responses_review_id_foreign` FOREIGN KEY (`review_id`) REFERENCES `product_reviews` (`id`)
) ENGINE=InnoDB AUTO_INCREMENT=13 DEFAULT CHARSET=utf8mb4 COLLATE=utf8mb4_unicode_ci;

/*Data for the table `responses` */

LOCK TABLES `responses` WRITE;

insert  into `responses`(`id`,`review_id`,`admin_id`,`content`,`created_at`,`updated_at`) values (2,1,1,'okee','2021-05-26 17:51:46',NULL),(3,2,1,'blabla','2021-06-01 02:56:55','2021-06-01 02:56:55'),(4,2,1,'blabla','2021-06-01 02:57:29','2021-06-01 02:57:29'),(5,2,1,'blabla','2021-06-01 02:57:50','2021-06-01 02:57:50'),(8,4,1,'blabla','2021-06-01 03:24:18','2021-06-01 03:24:18'),(9,12,1,'testig','2021-06-01 09:00:30','2021-06-01 09:00:30'),(10,12,1,'testig','2021-06-01 09:00:45','2021-06-01 09:00:45'),(11,12,1,'testig','2021-06-01 09:01:09','2021-06-01 09:01:09'),(12,12,1,'testig','2021-06-01 09:01:29','2021-06-01 09:01:29');

UNLOCK TABLES;

/*Table structure for table `transaction_details` */

DROP TABLE IF EXISTS `transaction_details`;

CREATE TABLE `transaction_details` (
  `id` bigint(20) unsigned NOT NULL AUTO_INCREMENT,
  `transaction_id` bigint(20) unsigned NOT NULL,
  `product_id` bigint(20) unsigned NOT NULL,
  `qty` int(11) NOT NULL,
  `discount` int(11) NOT NULL,
  `selling_price` int(11) NOT NULL,
  `created_at` timestamp NULL DEFAULT NULL,
  `updated_at` timestamp NULL DEFAULT NULL,
  PRIMARY KEY (`id`),
  KEY `transaction_details_transaction_id_foreign` (`transaction_id`),
  KEY `transaction_details_product_id_foreign` (`product_id`),
  CONSTRAINT `transaction_details_product_id_foreign` FOREIGN KEY (`product_id`) REFERENCES `products` (`id`),
  CONSTRAINT `transaction_details_transaction_id_foreign` FOREIGN KEY (`transaction_id`) REFERENCES `transactions` (`id`)
) ENGINE=InnoDB AUTO_INCREMENT=13 DEFAULT CHARSET=utf8mb4 COLLATE=utf8mb4_unicode_ci;

/*Data for the table `transaction_details` */

LOCK TABLES `transaction_details` WRITE;

insert  into `transaction_details`(`id`,`transaction_id`,`product_id`,`qty`,`discount`,`selling_price`,`created_at`,`updated_at`) values (1,10,35,1,0,399900,'2021-05-27 22:43:32','2021-05-27 22:43:32'),(2,15,35,1,0,399900,'2021-05-27 22:50:02','2021-05-27 22:50:02'),(3,16,35,1,0,399900,'2021-05-27 23:15:16','2021-05-27 23:15:16'),(4,18,35,1,0,399900,'2021-05-28 12:15:00','2021-05-28 12:15:00'),(5,18,35,1,0,399900,'2021-05-28 12:15:00','2021-05-28 12:15:00'),(6,19,35,1,0,399900,'2021-05-29 20:23:07','2021-05-29 20:23:07'),(7,21,35,1,40,239940,'2021-05-29 22:25:36','2021-05-29 22:25:36'),(8,22,35,1,40,239940,'2021-05-29 23:37:25','2021-05-29 23:37:25'),(9,23,35,1,40,239940,'2021-05-29 23:39:59','2021-05-29 23:39:59'),(10,24,35,1,40,0,'2021-05-30 12:53:12','2021-05-30 12:53:12'),(11,25,35,1,40,0,'2021-06-01 01:41:37','2021-06-01 01:41:37'),(12,26,35,1,40,0,'2021-06-01 01:48:36','2021-06-01 01:48:36');

UNLOCK TABLES;

/*Table structure for table `transactions` */

DROP TABLE IF EXISTS `transactions`;

CREATE TABLE `transactions` (
  `id` bigint(20) unsigned NOT NULL AUTO_INCREMENT,
  `timeout` datetime NOT NULL,
  `address` varchar(255) COLLATE utf8mb4_unicode_ci NOT NULL,
  `regency` varchar(255) COLLATE utf8mb4_unicode_ci NOT NULL,
  `province` varchar(255) COLLATE utf8mb4_unicode_ci NOT NULL,
  `total` double NOT NULL,
  `shipping_cost` double NOT NULL,
  `sub_total` double NOT NULL,
  `user_id` bigint(20) unsigned NOT NULL,
  `courier_id` bigint(20) unsigned NOT NULL,
  `proof_of_payment` varchar(255) COLLATE utf8mb4_unicode_ci NOT NULL,
  `status` enum('unverified','verified','delivered','success','expired','canceled') COLLATE utf8mb4_unicode_ci NOT NULL,
  `created_at` timestamp NULL DEFAULT NULL,
  `updated_at` timestamp NULL DEFAULT NULL,
  PRIMARY KEY (`id`),
  KEY `transactions_courier_id_foreign` (`courier_id`),
  KEY `transactions_user_id_foreign` (`user_id`),
  CONSTRAINT `transactions_courier_id_foreign` FOREIGN KEY (`courier_id`) REFERENCES `couriers` (`id`),
  CONSTRAINT `transactions_user_id_foreign` FOREIGN KEY (`user_id`) REFERENCES `users` (`id`)
) ENGINE=InnoDB AUTO_INCREMENT=27 DEFAULT CHARSET=utf8mb4 COLLATE=utf8mb4_unicode_ci;

/*Data for the table `transactions` */

LOCK TABLES `transactions` WRITE;

insert  into `transactions`(`id`,`timeout`,`address`,`regency`,`province`,`total`,`shipping_cost`,`sub_total`,`user_id`,`courier_id`,`proof_of_payment`,`status`,`created_at`,`updated_at`) values (1,'2021-05-28 22:14:24','jalan jalan','193','14',408900,9000,399900,1,1,'Belum Dibayar','verified','2020-03-27 22:14:24','2021-05-30 12:43:50'),(2,'2021-05-28 22:16:05','jalan jalan','193','14',408900,9000,399900,1,1,'Belum Dibayar','verified','2020-03-27 22:16:05','2021-05-30 15:41:03'),(3,'2021-05-28 22:17:52','jjljl','215','16',409900,10000,399900,1,1,'Belum Dibayar','expired','2020-03-01 22:17:52','2021-05-30 15:41:03'),(4,'2021-05-28 22:19:57','jjljl','251','20',408900,9000,399900,1,2,'Belum Dibayar','expired','2020-05-27 22:19:57','2021-05-30 15:41:03'),(5,'2021-05-28 22:21:23','jljl','218','17',408900,9000,399900,1,2,'Belum Dibayar','expired','2020-05-27 22:21:23','2021-05-30 15:41:03'),(6,'2021-05-28 22:23:46','jljl','240','19',409900,10000,399900,1,1,'Belum Dibayar','expired','2020-09-27 22:23:46','2021-05-30 15:41:03'),(7,'2021-05-28 22:24:47','jl','213','16',408900,9000,399900,1,2,'Belum Dibayar','expired','2020-09-27 22:24:47','2021-05-30 15:41:03'),(8,'2021-05-28 22:25:15','Jl.Teruna-pegesangan','204','15',408900,9000,399900,1,1,'Belum Dibayar','verified','2020-12-27 22:25:15','2021-05-27 22:25:15'),(9,'2021-05-28 22:41:28','jljl','218','17',409900,10000,399900,1,2,'Belum Dibayar','expired','2021-05-27 22:41:28','2021-05-30 15:41:03'),(10,'2021-05-28 22:43:32','jljl','213','16',409900,10000,399900,1,1,'Belum Dibayar','expired','2021-05-27 22:43:32','2021-05-30 15:41:03'),(11,'2021-05-28 22:45:58','jljl','46','7',409900,10000,399900,1,1,'Belum Dibayar','expired','2021-07-27 22:45:58','2021-05-30 15:41:03'),(12,'2021-05-28 22:46:17','jljl','17','3',408900,9000,399900,1,2,'Belum Dibayar','delivered','2021-07-27 22:46:17','2021-05-30 15:41:03'),(13,'2021-05-28 22:46:44','jljl','35','5',408900,9000,399900,1,1,'Belum Dibayar','expired','2021-07-27 22:46:44','2021-05-30 15:41:03'),(14,'2021-05-28 22:48:02','AYOLAH MAU GENGS','1','1',408900,9000,399900,1,2,'Belum Dibayar','expired','2021-09-27 22:48:02','2021-05-30 15:41:03'),(15,'2021-05-28 22:50:02','PASTI MAU DONG','52','8',409900,10000,399900,1,2,'Belum Dibayar','expired','2021-12-27 22:50:02','2021-05-30 15:41:03'),(16,'2021-05-28 23:15:16','nyoba','204','15',409900,10000,399900,1,2,'Belum Dibayar','expired','2021-12-27 23:15:16','2021-05-30 15:41:03'),(17,'2021-05-28 23:29:21','ayo','213','16',409900,10000,399900,1,2,'1622219008_messageImage_1622200090215.jpg','verified','2021-05-27 23:29:21','2021-05-30 15:41:03'),(18,'2021-05-29 12:15:00','kkkk','177','13',809800,10000,799800,1,2,'1622175474_messageImage_1621922407935.jpg','verified','2021-05-28 12:15:00','2021-05-28 12:17:54'),(19,'2021-05-30 20:23:06','jikajika','125','11',409900,10000,399900,1,1,'Belum Dibayar','unverified','2021-05-29 20:23:06','2021-05-29 20:23:06'),(20,'2021-05-30 22:19:51','hhhh','40','6',249940,10000,239940,1,1,'Belum Dibayar','unverified','2021-05-29 22:19:51','2021-05-29 22:19:51'),(21,'2021-05-30 22:25:36','hhhhhh','35','5',249940,10000,239940,1,1,'Belum Dibayar','unverified','2021-05-29 22:25:36','2021-05-29 22:25:36'),(22,'2021-05-30 23:37:25','anjay','52','8',249940,10000,239940,1,2,'Belum Dibayar','canceled','2021-05-29 23:37:25','2021-06-01 01:46:39'),(23,'2021-05-30 23:39:59','lllll','35','5',249940,10000,239940,1,2,'Belum Dibayar','delivered','2021-05-29 23:39:59','2021-05-31 17:45:18'),(24,'2021-05-31 12:53:12','koikoi','46','7',408900,9000,399900,1,2,'Belum Dibayar','success','2021-05-30 12:53:12','2021-05-30 14:35:45'),(25,'2021-06-02 01:41:34','123','204','15',408900,9000,399900,1,1,'Belum Dibayar','success','2021-06-01 01:41:34','2021-06-01 01:43:18'),(26,'2021-06-02 01:48:36','1322','213','16',417900,18000,399900,1,1,'1622483351_Pngtreecalendar icon in trendy style_5003062.png','success','2021-06-01 01:48:36','2021-06-01 01:56:52');

UNLOCK TABLES;

/*Table structure for table `user_notifications` */

DROP TABLE IF EXISTS `user_notifications`;

CREATE TABLE `user_notifications` (
  `id` char(255) COLLATE utf8mb4_unicode_ci NOT NULL,
  `type` varchar(255) COLLATE utf8mb4_unicode_ci NOT NULL,
  `notifiable_type` varchar(255) COLLATE utf8mb4_unicode_ci NOT NULL,
  `notifiable_id` bigint(20) unsigned NOT NULL,
  `data` text COLLATE utf8mb4_unicode_ci NOT NULL,
  `read_at` timestamp NULL DEFAULT NULL,
  `created_at` timestamp NULL DEFAULT NULL,
  `updated_at` timestamp NULL DEFAULT NULL,
  PRIMARY KEY (`id`),
  KEY `user_notifications_notifiable_id_foreign` (`notifiable_id`),
  CONSTRAINT `user_notifications_notifiable_id_foreign` FOREIGN KEY (`notifiable_id`) REFERENCES `users` (`id`)
) ENGINE=InnoDB DEFAULT CHARSET=utf8mb4 COLLATE=utf8mb4_unicode_ci;

/*Data for the table `user_notifications` */

LOCK TABLES `user_notifications` WRITE;

insert  into `user_notifications`(`id`,`type`,`notifiable_type`,`notifiable_id`,`data`,`read_at`,`created_at`,`updated_at`) values ('034bc02e-d2d9-4cbf-99bb-7bb97b2d7ae1','App\\Notifications\\UserNotification','App\\Models\\User',1,'\"<a href =\'\\/users\\/invoice\\/26\'>Status Transaksimu dengan id 26 telah diupdate<\\/a>\"','2021-06-01 03:38:09','2021-06-01 01:50:34','2021-06-01 03:38:09'),('06bd1a08-265c-4acb-96e0-63ff665c12db','App\\Notifications\\UserNotification','App\\Models\\User',1,'\"<a href =\'\\/users\\/invoice\\/25\'>Status Transaksimu dengan id 25 telah diupdate<\\/a>\"','2021-06-01 01:42:48','2021-06-01 01:41:57','2021-06-01 01:42:48'),('29d91172-e6db-4bc1-a401-54616848f2b3','App\\Notifications\\UserNotification','App\\Models\\User',1,'\"<a href =\'\\/users\\/invoice\\/25\'>Status Transaksimu dengan id 25 telah diupdate<\\/a>\"','2021-06-01 01:42:48','2021-06-01 01:42:28','2021-06-01 01:42:48'),('60564da3-2bcb-4e2e-befb-aa1042d2a32e','App\\Notifications\\UserNotification','App\\Models\\User',1,'\"<a href =\'\\/users\\/invoice\\/26\'>Status Transaksimu dengan id 26 telah diupdate<\\/a>\"','2021-06-01 03:34:14','2021-06-01 01:50:37','2021-06-01 03:34:14'),('636b24dc-6717-4d99-9bfe-a8d7e06de94b','App\\Notifications\\UserNotification','App\\Models\\User',1,'\"<a href =\'\\/users\\/home\\/product\\/35\'>Review pada product id 35 telah dibalas<\\/a>\"','2021-06-01 03:21:43','2021-06-01 03:21:11','2021-06-01 03:21:43'),('6812214d-b024-4691-bb4b-b30e1aee5bf3','App\\Notifications\\UserNotification','App\\Models\\User',1,'\"<a href =\'\\/users\\/home\\/product\\/35\'>Review pada product id 35 telah dibalas<\\/a>\"','2021-06-01 03:29:53','2021-06-01 03:24:18','2021-06-01 03:29:53'),('ed7a31fe-3e7b-4c01-b874-5b09a55c4b12','App\\Notifications\\UserNotification','App\\Models\\User',1,'\"<a href =\'\\/users\\/home\\/product\\/35\'>Review pada product id 35 telah dibalas<\\/a>\"',NULL,'2021-06-01 03:20:07','2021-06-01 03:38:35'),('eea67868-3c8b-45e9-bce3-6b2d2fe44c95','App\\Notifications\\UserNotification','App\\Models\\User',1,'\"<a href =\'\\/users\\/home\\/product\\/cotton-chinos-skinny-fit\'>Review pada product id cotton-chinos-skinny-fit telah dibalas<\\/a>\"','2021-06-01 09:02:35','2021-06-01 09:01:29','2021-06-01 09:02:35');

UNLOCK TABLES;

/*Table structure for table `users` */

DROP TABLE IF EXISTS `users`;

CREATE TABLE `users` (
  `id` bigint(20) unsigned NOT NULL AUTO_INCREMENT,
  `name` varchar(255) COLLATE utf8mb4_unicode_ci NOT NULL,
  `username` varchar(255) COLLATE utf8mb4_unicode_ci DEFAULT NULL,
  `email` varchar(255) COLLATE utf8mb4_unicode_ci DEFAULT NULL,
  `phone` varchar(255) COLLATE utf8mb4_unicode_ci DEFAULT NULL,
  `profile_image` varchar(255) COLLATE utf8mb4_unicode_ci DEFAULT NULL,
  `email_verified_at` timestamp NULL DEFAULT NULL,
  `password` varchar(255) COLLATE utf8mb4_unicode_ci NOT NULL,
  `remember_token` varchar(100) COLLATE utf8mb4_unicode_ci DEFAULT NULL,
  `created_at` timestamp NULL DEFAULT NULL,
  `updated_at` timestamp NULL DEFAULT NULL,
  PRIMARY KEY (`id`),
  UNIQUE KEY `users_username_unique` (`username`),
  UNIQUE KEY `users_email_unique` (`email`),
  UNIQUE KEY `users_phone_unique` (`phone`)
) ENGINE=InnoDB AUTO_INCREMENT=9 DEFAULT CHARSET=utf8mb4 COLLATE=utf8mb4_unicode_ci;

/*Data for the table `users` */

LOCK TABLES `users` WRITE;

insert  into `users`(`id`,`name`,`username`,`email`,`phone`,`profile_image`,`email_verified_at`,`password`,`remember_token`,`created_at`,`updated_at`) values (1,'user1','user1login','user1@gmail.com','081789876666','fotouser','2021-05-02 20:42:55','$2y$10$hgrvTyg0P9KK1fn1AEsPnuWwzwMrPVCtANm2jycJpZoFOoXL.sC6S','0FChB570EkgzYQTFPBEq5cwm9X2HtBbiD8TxJ25apLUobh0cdScIkEXBCcn7','2021-04-24 13:36:01','2021-04-24 13:36:01'),(2,'robert',NULL,'robert@gmail.com',NULL,'foto',NULL,'$2y$10$CQx8hZ64w4c23pETNK2Z/OPkK5dstDhIJxPGKbH29OG6FVqjTNG32',NULL,'2020-04-27 10:01:25','2021-04-27 10:01:25'),(3,'rico','ricoaltar','rico@gmail.com',NULL,'foto',NULL,'$2y$10$/tGKHMxRSq8FNIN1zwHWK.SJkBOTnyiSiWA4D/13R3Z0DinejXFyG',NULL,'2020-04-27 10:04:36','2021-04-27 10:04:36'),(4,'koy',NULL,'koy@gmail.com',NULL,NULL,'2021-04-27 15:09:48','$2y$10$FAzsnfgmhWhTZb2c2a/AMuhEje/DiDBhJsRM//5AXZ.7HxQDGnG8q',NULL,'2021-04-27 15:09:32','2021-04-27 15:09:48'),(5,'jay',NULL,'jay@gmail.com',NULL,NULL,'2021-04-30 13:22:27','$2y$10$HbiBW5MJ7MUoyPGBnbVLyO80cK46Oz5w4S3zUQJ4/Kn6BB598E8Wi','2it4iMOCU1HleUyIcv1cOQZAyYk7W6vj6PXLk88OgaPlVGxP58KiT8Ogsxtm','2021-04-30 13:22:13','2021-04-30 13:23:54'),(7,'goy',NULL,'goy@gmail.com','088789987789',NULL,'2021-05-06 10:17:25','$2y$10$LdCSHq4YFFGpv/YUJN7cG.p.DFZAB3.AsSK6bihWZqlKo91ayGpCm',NULL,'2021-05-06 10:16:54','2021-05-06 10:17:25'),(8,'yos',NULL,'yos@gmail.com','081234567890',NULL,'2021-05-06 10:26:13','$2y$10$XOJjrpKDO2Q7/5II8IgPEulB.um/HwRSjpUS/g8NQsnR3BXYducO6',NULL,'2021-05-06 10:21:55','2021-05-06 10:26:13');

UNLOCK TABLES;

/*!40101 SET SQL_MODE=@OLD_SQL_MODE */;
/*!40014 SET FOREIGN_KEY_CHECKS=@OLD_FOREIGN_KEY_CHECKS */;
/*!40014 SET UNIQUE_CHECKS=@OLD_UNIQUE_CHECKS */;
/*!40111 SET SQL_NOTES=@OLD_SQL_NOTES */;
